#
# A fatal error has been detected by the Java Runtime Environment:
#
#  EXCEPTION_ACCESS_VIOLATION (0xc0000005) at pc=0x00007ffe3d45d5a1, pid=17916, tid=26748
#
# JRE version: Java(TM) SE Runtime Environment (21.0.6+8) (build 21.0.6+8-LTS-188)
# Java VM: Java HotSpot(TM) 64-Bit Server VM (21.0.6+8-LTS-188, mixed mode, sharing, tiered, compressed oops, compressed class ptrs, g1 gc, windows-amd64)
# Problematic frame:
# V  [jvm.dll+0x13d5a1]
#
# No core dump will be written. Minidumps are not enabled by default on client versions of Windows
#
# If you would like to submit a bug report, please visit:
#   https://bugreport.java.com/bugreport/crash.jsp
#

---------------  S U M M A R Y ------------

Command Line: --add-opens=java.base/java.lang=ALL-UNNAMED --add-opens=java.base/java.lang.invoke=ALL-UNNAMED --add-opens=java.base/java.util=ALL-UNNAMED --add-opens=java.prefs/java.util.prefs=ALL-UNNAMED --add-exports=jdk.compiler/com.sun.tools.javac.api=ALL-UNNAMED --add-exports=jdk.compiler/com.sun.tools.javac.util=ALL-UNNAMED --add-opens=java.base/java.util=ALL-UNNAMED --add-opens=java.prefs/java.util.prefs=ALL-UNNAMED --add-opens=java.base/java.nio.charset=ALL-UNNAMED --add-opens=java.base/java.net=ALL-UNNAMED --add-opens=java.base/java.util.concurrent.atomic=ALL-UNNAMED --add-opens=java.xml/javax.xml.namespace=ALL-UNNAMED -Xms1g -Xmx8g -Dfile.encoding=UTF-8, -Duser.country=FR -Duser.language=fr -Duser.variant -javaagent:C:\Users\olivi\.gradle\wrapper\dists\gradle-8.13-bin\5xuhj0ry160q40clulazy9h7d\gradle-8.13\lib\agents\gradle-instrumentation-agent-8.13.jar org.gradle.launcher.daemon.bootstrap.GradleDaemon 8.13

Host: AMD Ryzen 5 3600 6-Core Processor              , 12 cores, 31G,  Windows 11 , 64 bit Build 26100 (10.0.26100.7309)
Time: Tue Dec 30 12:40:37 2025 Paris, Madrid elapsed time: 111.567086 seconds (0d 0h 1m 51s)

---------------  T H R E A D  ---------------

Current thread (0x000001811ea97b10):  WorkerThread "GC Thread#4"    [id=26748, stack(0x0000003e1ec00000,0x0000003e1ed00000) (1024K)]

Stack: [0x0000003e1ec00000,0x0000003e1ed00000],  sp=0x0000003e1ecff438,  free space=1021k
Native frames: (J=compiled Java code, j=interpreted, Vv=VM code, C=native code)
V  [jvm.dll+0x13d5a1]


siginfo: EXCEPTION_ACCESS_VIOLATION (0xc0000005), reading address 0x0000000000000100


Registers:
RAX=0x0000000000000000, RBX=0x0000000000000001, RCX=0x00000180d9000000, RDX=0x000000069fa847a0
RSP=0x0000003e1ecff438, RBP=0x0000000000004957, RSI=0x00000180b3f554b0, RDI=0x000000610000e740
R8 =0x00000180d9000000, R9 =0x0000000000000000, R10=0x0000000000000010, R11=0x0000000000000001
R12=0x0000000000000004, R13=0x00000180d9000000, R14=0x000000069fa847a0, R15=0x00000181304fb7b0
RIP=0x00007ffe3d45d5a1, EFLAGS=0x0000000000010246


Register to memory mapping:

RAX=0x0 is null
RBX=0x0000000000000001 is an unknown value
RCX=0x00000180d9000000 is pointing into metadata
RDX=
[error occurred during error reporting (printing register info), id 0xc0000005, EXCEPTION_ACCESS_VIOLATION (0xc0000005) at pc=0x00007ffe3d45d5a1]
RSP=0x0000003e1ecff438 points into unknown readable memory: 0x00007ffe3d6759db | db 59 67 3d fe 7f 00 00
RBP=0x0000000000004957 is an unknown value
RSI=0x00000180b3f554b0 points into unknown readable memory: 0x0000000000000000 | 00 00 00 00 00 00 00 00
RDI=0x000000610000e740 is an unknown value
R8 =0x00000180d9000000 is pointing into metadata
R9 =0x0 is null
R10=0x0000000000000010 is an unknown value
R11=0x0000000000000001 is an unknown value
R12=0x0000000000000004 is an unknown value
R13=0x00000180d9000000 is pointing into metadata
R14=
[error occurred during error reporting (printing register info, attempt 2), id 0xc0000005, EXCEPTION_ACCESS_VIOLATION (0xc0000005) at pc=0x00007ffe3d45d5a1]
R15=0x00000181304fb7b0 points into unknown readable memory: 0x00007ffe3dcf8578 | 78 85 cf 3d fe 7f 00 00

Top of Stack: (sp=0x0000003e1ecff438)
0x0000003e1ecff438:   00007ffe3d6759db 0000000000000021
0x0000003e1ecff448:   0000000000000021 0000000000000005
0x0000003e1ecff458:   00000181304fb938 0000000666e29df4
0x0000003e1ecff468:   00007ffe3d673d89 0000000000000021
0x0000003e1ecff478:   00000181308c95b0 0000000666e26b10
0x0000003e1ecff488:   00007ffe3d675eb0 00000181304fb938
0x0000003e1ecff498:   0000000000000000 0000000000000000
0x0000003e1ecff4a8:   00000181304fb7b0 0000000000000004
0x0000003e1ecff4b8:   00000181304fb7b0 00000180b3f554b0
0x0000003e1ecff4c8:   0000000000004957 0000000666e7c79c
0x0000003e1ecff4d8:   00007ffe3d676c73 0000000668870000
0x0000003e1ecff4e8:   0000000000000001 0000018000000000
0x0000003e1ecff4f8:   0000000000000020 00000180d864ffb0
0x0000003e1ecff508:   000001811ee29d80 000000066cbf0640
0x0000003e1ecff518:   00000180b1d6b710 0000003e1ecff5c0
0x0000003e1ecff528:   00007ffe3d6768ee 0001b25500004936
0x0000003e1ecff538:   00000181304fb7b0 0000018000000000
0x0000003e1ecff548:   0000000000000010 0000003e1ecff630
0x0000003e1ecff558:   00007ffe3d68b5e9 000000066cbf0641
0x0000003e1ecff568:   0000000000000001 0000000000000000
0x0000003e1ecff578:   0000003e1ecff630 0000003e1dcfee40
0x0000003e1ecff588:   00007ffe3d9e337f 0000000000000000
0x0000003e1ecff598:   0000000000000000 000001811e000000
0x0000003e1ecff5a8:   00007ffe3d68173f 000001811ee29d80
0x0000003e1ecff5b8:   00007ffe3db2a007 00000180d864ffb0
0x0000003e1ecff5c8:   000001811ee29d80 00000000000003d8
0x0000003e1ecff5d8:   00000180d8650398 0000000000000001
0x0000003e1ecff5e8:   00007ffe3d68bcaa 00000181304fb7b0
0x0000003e1ecff5f8:   0000000000000014 0000003e1dcfee40
0x0000003e1ecff608:   00000180b3f53a70 0000001200000010
0x0000003e1ecff618:   0000000000000001 00000000427c9ef9
0x0000003e1ecff628:   0000000000000000 00007ffe3dcfae08 

Instructions: (pc=0x00007ffe3d45d5a1)
0x00007ffe3d45d4a1:   08 8b 0d d0 fa a7 00 49 d3 e0 4c 03 05 be fa a7
0x00007ffe3d45d4b1:   00 eb 04 4c 8b 41 08 45 8b 48 08 45 85 c9 7e 0e
0x00007ffe3d45d4c1:   41 f6 c1 01 75 53 41 c1 f9 03 49 63 c1 c3 79 49
0x00007ffe3d45d4d1:   84 c0 41 b8 0c 00 00 00 8b 05 d9 0b a8 00 b9 10
0x00007ffe3d45d4e1:   00 00 00 41 0f 45 c8 ff c8 4c 63 c0 41 8b c1 48
0x00007ffe3d45d4f1:   c1 f8 10 0f b6 c0 48 63 14 11 41 8b c9 83 e1 3f
0x00007ffe3d45d501:   48 d3 e2 49 8d 0c 10 49 f7 d0 48 03 c1 49 c1 e8
0x00007ffe3d45d511:   03 48 c1 e8 03 49 23 c0 c3 49 8b 00 49 8b c8 48
0x00007ffe3d45d521:   ff a0 00 01 00 00 cc cc cc cc cc cc cc cc cc 4c
0x00007ffe3d45d531:   8b c2 48 8b d1 45 8b 48 08 45 85 c9 7e 0e 41 f6
0x00007ffe3d45d541:   c1 01 75 56 41 c1 f9 03 49 63 c1 c3 79 4c 80 3d
0x00007ffe3d45d551:   44 10 a8 00 00 b8 0c 00 00 00 b9 10 00 00 00 0f
0x00007ffe3d45d561:   45 c8 8b 05 4f 0b a8 00 ff c8 4c 63 c0 41 8b c1
0x00007ffe3d45d571:   48 c1 f8 10 48 63 14 11 41 8b c9 83 e1 3f 0f b6
0x00007ffe3d45d581:   c0 48 d3 e2 49 8d 0c 10 49 f7 d0 48 03 c1 49 c1
0x00007ffe3d45d591:   e8 03 48 c1 e8 03 49 23 c0 c3 49 8b 00 49 8b c8
0x00007ffe3d45d5a1:   48 ff a0 00 01 00 00 cc cc cc cc cc cc cc cc 48
0x00007ffe3d45d5b1:   83 ec 28 ba 37 00 00 00 48 8d 0d 88 96 85 00 e8
0x00007ffe3d45d5c1:   eb 05 14 00 cc cc cc cc cc cc cc cc cc cc cc 40
0x00007ffe3d45d5d1:   53 48 83 ec 20 48 8b d9 49 8b c0 33 c9 45 0f b6
0x00007ffe3d45d5e1:   c1 48 89 0b 48 89 4b 08 48 8b cb 48 89 53 10 48
0x00007ffe3d45d5f1:   8b d0 e8 a8 09 00 00 48 8b c3 48 83 c4 20 5b c3
0x00007ffe3d45d601:   cc cc cc cc cc cc cc cc cc cc cc cc cc cc cc 40
0x00007ffe3d45d611:   53 48 83 ec 20 33 c0 44 88 41 10 45 0f b6 c1 48
0x00007ffe3d45d621:   89 01 48 89 41 08 48 8b d9 e8 81 0a 00 00 48 8b
0x00007ffe3d45d631:   c3 48 83 c4 20 5b c3 cc cc cc cc cc cc cc cc 40
0x00007ffe3d45d641:   53 48 83 ec 20 33 c0 48 8b d9 48 89 01 48 89 41
0x00007ffe3d45d651:   08 e8 09 0c 00 00 48 8b c3 48 83 c4 20 5b c3 48
0x00007ffe3d45d661:   8b c1 48 8b 09 48 85 c9 74 3c 48 8b 40 08 48 83
0x00007ffe3d45d671:   c0 3f 48 c1 e8 06 48 8d 14 c5 00 00 00 00 48 3b
0x00007ffe3d45d681:   15 2a 16 a8 00 0f 82 54 21 f8 ff 48 8b 05 d5 17
0x00007ffe3d45d691:   b0 00 48 ff ca 48 03 d0 48 ff c8 48 f7 d0 48 23 


Stack slot to memory mapping:

stack at sp + 0 slots: 0x00007ffe3d6759db jvm.dll
stack at sp + 1 slots: 0x0000000000000021 is an unknown value
stack at sp + 2 slots: 0x0000000000000021 is an unknown value
stack at sp + 3 slots: 0x0000000000000005 is an unknown value
stack at sp + 4 slots: 0x00000181304fb938 points into unknown readable memory: 0x00007ffe3dcf8530 | 30 85 cf 3d fe 7f 00 00
stack at sp + 5 slots: 
[error occurred during error reporting (inspecting top of stack), id 0xc0000005, EXCEPTION_ACCESS_VIOLATION (0xc0000005) at pc=0x00007ffe3d45d5a1]
stack at sp + 6 slots: 0x00007ffe3d673d89 jvm.dll
stack at sp + 7 slots: 0x0000000000000021 is an unknown value


---------------  P R O C E S S  ---------------

Threads class SMR info:
_java_thread_list=0x000001812d6c5630, length=273, elements={
0x00000180b1ca7bf0, 0x00000180d864a6b0, 0x00000180d864cd20, 0x00000180d864d380,
0x00000180d864dc40, 0x00000180d86547a0, 0x00000180d8656f40, 0x00000180d86618f0,
0x00000180d8666ba0, 0x00000180d872ef80, 0x00000180d8872440, 0x000001811fcb8dd0,
0x000001811fee91c0, 0x000001811ff27090, 0x000001811fd66e40, 0x000001811fdd8e30,
0x000001812024ea40, 0x000001812024dd20, 0x000001812024fdf0, 0x000001812024f0d0,
0x000001812024f760, 0x00000181201cfc50, 0x0000018125262fc0, 0x000001812399b530,
0x000001812399c250, 0x0000018123998dd0, 0x0000018123999af0, 0x000001812399a180,
0x000001812399cf70, 0x000001812399e320, 0x000001812399c8e0, 0x000001812399d600,
0x000001812399dc90, 0x00000181229b90e0, 0x00000181201d0970, 0x00000181201d23b0,
0x00000181201cef30, 0x00000181201d1690, 0x00000181201d2a40, 0x00000181201cf5c0,
0x00000181201d5ec0, 0x00000181201d5830, 0x00000181201d51a0, 0x00000181201d3760,
0x00000181201d4480, 0x00000181201d4b10, 0x00000181201d3df0, 0x00000181201d6550,
0x00000181201d30d0, 0x000001812451f250, 0x000001812451bdd0, 0x000001812451ebc0,
0x000001812451f8e0, 0x000001812451dea0, 0x000001812451c460, 0x000001812451d180,
0x000001812451ff70, 0x000001812451d810, 0x000001812451caf0, 0x0000018124520600,
0x0000018124521320, 0x00000181245226d0, 0x0000018124522040, 0x0000018124522d60,
0x0000018124520c90, 0x00000181245233f0, 0x00000181245219b0, 0x000001812525d3e0,
0x000001812525e100, 0x000001812525cd50, 0x000001812525b9a0, 0x000001812525e790,
0x000001812525ee20, 0x000001812525c6c0, 0x000001812525f4b0, 0x000001812525c030,
0x00000181252622a0, 0x0000018125262930, 0x00000181252601d0, 0x000001812525fb40,
0x0000018125260860, 0x0000018125260ef0, 0x0000018125261c10, 0x00000181229bcbf0,
0x00000181229b9e00, 0x00000181229ba490, 0x00000181229bb1b0, 0x00000181229bbed0,
0x00000181229b9770, 0x00000181229be630, 0x00000181229becc0, 0x00000181229c0700,
0x000001812024d690, 0x000001812024e3b0, 0x0000018120b72960, 0x0000018125d9a240,
0x0000018125d9d6c0, 0x0000018125d9bc80, 0x0000018125d9dd50, 0x0000018125d9c9a0,
0x0000018125d9d030, 0x0000018125d9c310, 0x0000018125d9a8d0, 0x0000018125d9e3e0,
0x0000018125d9af60, 0x0000018125d9ea70, 0x0000018125d9b5f0, 0x0000018125da11d0,
0x0000018125d9f100, 0x0000018125d9f790, 0x0000018125d9fe20, 0x0000018125da04b0,
0x0000018125da1860, 0x0000018125da0b40, 0x00000181256958e0, 0x0000018125694bc0,
0x0000018125695f70, 0x0000018125696600, 0x00000181256979b0, 0x0000018125696c90,
0x0000018125697320, 0x0000018125694530, 0x0000018125698040, 0x0000018125695250,
0x000001812569a110, 0x000001812569b4c0, 0x0000018125698d60, 0x00000181256993f0,
0x000001812569a7a0, 0x0000018125699a80, 0x000001812569ae30, 0x00000181256986d0,
0x0000018125b3f650, 0x0000018125b3fce0, 0x0000018125b40370, 0x0000018125b40a00,
0x0000018125b3efc0, 0x0000018125b41090, 0x0000018125b3dc10, 0x0000018125b3e2a0,
0x0000018125b3e930, 0x0000018120b61570, 0x0000018120b62fb0, 0x0000018120b60ee0,
0x0000018120b649f0, 0x0000018120b62290, 0x0000018120b63640, 0x0000018120b68b90,
0x0000018120b68500, 0x0000018120b66430, 0x0000018120b66ac0, 0x0000018120b65710,
0x0000018120b69220, 0x0000018120b67150, 0x0000018120b65da0, 0x0000018120b6a5d0,
0x0000018120b698b0, 0x0000018120b6ac60, 0x0000018120b677e0, 0x0000018120b6b2f0,
0x0000018120b67e70, 0x0000018120b6da50, 0x0000018120b6ee00, 0x0000018120b6cd30,
0x0000018120b6c6a0, 0x0000018120b6e0e0, 0x0000018120b6e770, 0x0000018120b6d3c0,
0x0000018120b6b980, 0x0000018120b6f490, 0x0000018120b6c010, 0x0000018120b6fb20,
0x0000018120b701b0, 0x000001812b0f1b30, 0x000001812b0f21c0, 0x000001812b0f0e10,
0x000001812b0f2850, 0x000001812b0f14a0, 0x000001812b0f2ee0, 0x000001812b0f00f0,
0x000001812b0f3c00, 0x000001812b0f0780, 0x000001812b0f4920, 0x000001812b0f4fb0,
0x000001812b0f4290, 0x000001812b0f8ac0, 0x000001812b0f7710, 0x000001812b0f7080,
0x000001812b0f8430, 0x000001812b0f5640, 0x000001812b0f9150, 0x000001812b0f97e0,
0x000001812b0f5cd0, 0x000001812b0fd2f0, 0x000001812b0fb220, 0x000001812b0f9e70,
0x000001812b0fa500, 0x000001812b0fe010, 0x000001812b0fb8b0, 0x000001812b0fbf40,
0x000001812b0fc5d0, 0x000001812b0ff3c0, 0x000001812b0fd980, 0x000001812b0fcc60,
0x000001812b0fe6a0, 0x000001812b0fed30, 0x000001811eb621b0, 0x000001811eb63560,
0x000001811eb60e00, 0x000001811eb64910, 0x000001811eb62840, 0x000001811eb62ed0,
0x000001811eb61b20, 0x000001811eb67070, 0x000001811eb65cc0, 0x000001811eb66350,
0x000001811eb67d90, 0x000001811eb67700, 0x000001811eb68420, 0x000001811eb64fa0,
0x000001811eb6e000, 0x000001811eb6ed20, 0x000001812572a410, 0x0000018125727620,
0x000001812cc02eb0, 0x0000018131108540, 0x0000018131109f80, 0x000001812eefaea0,
0x000001812d9dd190, 0x000001812d9ddeb0, 0x0000018122872680, 0x0000018122874750,
0x000001812cc03540, 0x000001812cc02190, 0x000001812cc00de0, 0x0000018131db7040,
0x0000018131db9e30, 0x000001812f041f70, 0x000001812f0439b0, 0x000001812f040bc0,
0x000001812f042c90, 0x000001812f0418e0, 0x000001812f040530, 0x000001812f041250,
0x000001812f042600, 0x0000018131819ce0, 0x0000018131108bd0, 0x0000018149876590,
0x000001812df52d80, 0x000001812df51340, 0x000001812df54e50, 0x0000018123f57ab0,
0x0000018123f56d90, 0x0000018123f56700, 0x0000018149b86960, 0x0000018149308430,
0x0000018149305480, 0x0000018149b85c40, 0x0000018149b87680, 0x0000018149b87d10,
0x0000018149b86ff0, 0x0000018149b883a0, 0x0000018149b88a30, 0x0000018149b855b0,
0x000001812c85e5a0, 0x000001812e818170, 0x000001812a05a0f0, 0x00000181631e3620,
0x00000181631e1be0, 0x000001811f557ad0, 0x000001811f558160, 0x000001812cc01b00,
0x0000018152f60bd0
}

Java Threads: ( => current thread )
  0x00000180b1ca7bf0 JavaThread "main"                              [_thread_blocked, id=24748, stack(0x0000003e1d500000,0x0000003e1d600000) (1024K)]
  0x00000180d864a6b0 JavaThread "Reference Handler"          daemon [_thread_blocked, id=27116, stack(0x0000003e1dd00000,0x0000003e1de00000) (1024K)]
  0x00000180d864cd20 JavaThread "Finalizer"                  daemon [_thread_blocked, id=25624, stack(0x0000003e1de00000,0x0000003e1df00000) (1024K)]
  0x00000180d864d380 JavaThread "Signal Dispatcher"          daemon [_thread_blocked, id=10628, stack(0x0000003e1df00000,0x0000003e1e000000) (1024K)]
  0x00000180d864dc40 JavaThread "Attach Listener"            daemon [_thread_blocked, id=23920, stack(0x0000003e1e000000,0x0000003e1e100000) (1024K)]
  0x00000180d86547a0 JavaThread "Service Thread"             daemon [_thread_blocked, id=13856, stack(0x0000003e1e100000,0x0000003e1e200000) (1024K)]
  0x00000180d8656f40 JavaThread "Monitor Deflation Thread"   daemon [_thread_blocked, id=1532, stack(0x0000003e1e200000,0x0000003e1e300000) (1024K)]
  0x00000180d86618f0 JavaThread "C2 CompilerThread0"         daemon [_thread_blocked, id=23812, stack(0x0000003e1e300000,0x0000003e1e400000) (1024K)]
  0x00000180d8666ba0 JavaThread "C1 CompilerThread0"         daemon [_thread_blocked, id=2496, stack(0x0000003e1e400000,0x0000003e1e500000) (1024K)]
  0x00000180d872ef80 JavaThread "Common-Cleaner"             daemon [_thread_blocked, id=13496, stack(0x0000003e1e500000,0x0000003e1e600000) (1024K)]
  0x00000180d8872440 JavaThread "Notification Thread"        daemon [_thread_blocked, id=14284, stack(0x0000003e1e600000,0x0000003e1e700000) (1024K)]
  0x000001811fcb8dd0 JavaThread "Daemon health stats"               [_thread_blocked, id=26048, stack(0x0000003e1f200000,0x0000003e1f300000) (1024K)]
  0x000001811fee91c0 JavaThread "Incoming local TCP Connector on port 50919"        [_thread_in_native, id=16932, stack(0x0000003e1f300000,0x0000003e1f400000) (1024K)]
  0x000001811ff27090 JavaThread "Daemon periodic checks"            [_thread_blocked, id=16252, stack(0x0000003e1f400000,0x0000003e1f500000) (1024K)]
  0x000001811fd66e40 JavaThread "Daemon"                            [_thread_blocked, id=27576, stack(0x0000003e1f500000,0x0000003e1f600000) (1024K)]
  0x000001811fdd8e30 JavaThread "Daemon worker"                     [_thread_blocked, id=25944, stack(0x0000003e1f800000,0x0000003e1f900000) (1024K)]
  0x000001812024ea40 JavaThread "Cache worker for journal cache (C:\Users\olivi\.gradle\caches\journal-1)"        [_thread_blocked, id=1192, stack(0x0000003e1fc00000,0x0000003e1fd00000) (1024K)]
  0x000001812024dd20 JavaThread "File lock request listener"        [_thread_in_native, id=22640, stack(0x0000003e1fd00000,0x0000003e1fe00000) (1024K)]
  0x000001812024fdf0 JavaThread "Cache worker for file hash cache (C:\Users\olivi\.gradle\caches\8.13\fileHashes)"        [_thread_blocked, id=8156, stack(0x0000003e1fe00000,0x0000003e1ff00000) (1024K)]
  0x000001812024f0d0 JavaThread "File watcher server"        daemon [_thread_blocked, id=4880, stack(0x0000003e20300000,0x0000003e20400000) (1024K)]
  0x000001812024f760 JavaThread "File watcher consumer"      daemon [_thread_blocked, id=13848, stack(0x0000003e20400000,0x0000003e20500000) (1024K)]
  0x00000181201cfc50 JavaThread "Cache worker for file content cache (C:\Users\olivi\.gradle\caches\8.13\fileContent)"        [_thread_blocked, id=22616, stack(0x0000003e20600000,0x0000003e20700000) (1024K)]
  0x0000018125262fc0 JavaThread "Memory manager"                    [_thread_blocked, id=1612, stack(0x0000003e24e00000,0x0000003e24f00000) (1024K)]
  0x000001812399b530 JavaThread "ForkJoinPool.commonPool-worker-1" daemon [_thread_blocked, id=8996, stack(0x0000003e1e800000,0x0000003e1e900000) (1024K)]
  0x000001812399c250 JavaThread "ForkJoinPool.commonPool-worker-2" daemon [_thread_blocked, id=15028, stack(0x0000003e25000000,0x0000003e25100000) (1024K)]
  0x0000018123998dd0 JavaThread "ForkJoinPool.commonPool-worker-3" daemon [_thread_blocked, id=23792, stack(0x0000003e25100000,0x0000003e25200000) (1024K)]
  0x0000018123999af0 JavaThread "ForkJoinPool.commonPool-worker-4" daemon [_thread_blocked, id=27412, stack(0x0000003e25200000,0x0000003e25300000) (1024K)]
  0x000001812399a180 JavaThread "ForkJoinPool.commonPool-worker-5" daemon [_thread_blocked, id=21680, stack(0x0000003e25300000,0x0000003e25400000) (1024K)]
  0x000001812399cf70 JavaThread "ForkJoinPool.commonPool-worker-6" daemon [_thread_blocked, id=26804, stack(0x0000003e25400000,0x0000003e25500000) (1024K)]
  0x000001812399e320 JavaThread "ForkJoinPool.commonPool-worker-7" daemon [_thread_blocked, id=2752, stack(0x0000003e25500000,0x0000003e25600000) (1024K)]
  0x000001812399c8e0 JavaThread "ForkJoinPool.commonPool-worker-8" daemon [_thread_blocked, id=24056, stack(0x0000003e25600000,0x0000003e25700000) (1024K)]
  0x000001812399d600 JavaThread "ForkJoinPool.commonPool-worker-9" daemon [_thread_blocked, id=13212, stack(0x0000003e25700000,0x0000003e25800000) (1024K)]
  0x000001812399dc90 JavaThread "ForkJoinPool.commonPool-worker-10" daemon [_thread_blocked, id=24804, stack(0x0000003e25800000,0x0000003e25900000) (1024K)]
  0x00000181229b90e0 JavaThread "pool-3-thread-1"                   [_thread_blocked, id=26944, stack(0x0000003e25d00000,0x0000003e25e00000) (1024K)]
  0x00000181201d0970 JavaThread "Handler for socket connection from /127.0.0.1:50919 to /127.0.0.1:50940"        [_thread_in_native, id=23492, stack(0x0000003e1e700000,0x0000003e1e800000) (1024K)]
  0x00000181201d23b0 JavaThread "Cancel handler"                    [_thread_blocked, id=22508, stack(0x0000003e1f600000,0x0000003e1f700000) (1024K)]
  0x00000181201cef30 JavaThread "Asynchronous log dispatcher for DefaultDaemonConnection: socket connection from /127.0.0.1:50919 to /127.0.0.1:50940"        [_thread_blocked, id=25212, stack(0x0000003e1f700000,0x0000003e1f800000) (1024K)]
  0x00000181201d1690 JavaThread "Stdin handler"                     [_thread_blocked, id=20536, stack(0x0000003e1fa00000,0x0000003e1fb00000) (1024K)]
  0x00000181201d2a40 JavaThread "Daemon client event forwarder"        [_thread_blocked, id=12012, stack(0x0000003e1fb00000,0x0000003e1fc00000) (1024K)]
  0x00000181201cf5c0 JavaThread "Cache worker for file hash cache (E:\Android\projects\A054_Eventorias\.gradle\8.13\fileHashes)"        [_thread_blocked, id=27596, stack(0x0000003e20100000,0x0000003e20200000) (1024K)]
  0x00000181201d5ec0 JavaThread "Cache worker for Build Output Cleanup Cache (E:\Android\projects\A054_Eventorias\.gradle\buildOutputCleanup)"        [_thread_blocked, id=26020, stack(0x0000003e20200000,0x0000003e20300000) (1024K)]
  0x00000181201d5830 JavaThread "Cache worker for checksums cache (E:\Android\projects\A054_Eventorias\.gradle\8.13\checksums)"        [_thread_blocked, id=22476, stack(0x0000003e20800000,0x0000003e20900000) (1024K)]
  0x00000181201d51a0 JavaThread "Cache worker for cache directory md-supplier (C:\Users\olivi\.gradle\caches\8.13\md-supplier)"        [_thread_blocked, id=23460, stack(0x0000003e20900000,0x0000003e20a00000) (1024K)]
  0x00000181201d3760 JavaThread "Cache worker for cache directory md-rule (C:\Users\olivi\.gradle\caches\8.13\md-rule)"        [_thread_blocked, id=4980, stack(0x0000003e20a00000,0x0000003e20b00000) (1024K)]
  0x00000181201d4480 JavaThread "Unconstrained build operations"        [_thread_blocked, id=26340, stack(0x0000003e20b00000,0x0000003e20c00000) (1024K)]
  0x00000181201d4b10 JavaThread "Unconstrained build operations Thread 2"        [_thread_blocked, id=25748, stack(0x0000003e20c00000,0x0000003e20d00000) (1024K)]
  0x00000181201d3df0 JavaThread "Unconstrained build operations Thread 3"        [_thread_blocked, id=1504, stack(0x0000003e20d00000,0x0000003e20e00000) (1024K)]
  0x00000181201d6550 JavaThread "Unconstrained build operations Thread 4"        [_thread_blocked, id=12356, stack(0x0000003e20e00000,0x0000003e20f00000) (1024K)]
  0x00000181201d30d0 JavaThread "Unconstrained build operations Thread 5"        [_thread_blocked, id=13208, stack(0x0000003e20f00000,0x0000003e21000000) (1024K)]
  0x000001812451f250 JavaThread "Unconstrained build operations Thread 6"        [_thread_blocked, id=3592, stack(0x0000003e21000000,0x0000003e21100000) (1024K)]
  0x000001812451bdd0 JavaThread "Unconstrained build operations Thread 7"        [_thread_blocked, id=3648, stack(0x0000003e21100000,0x0000003e21200000) (1024K)]
  0x000001812451ebc0 JavaThread "Unconstrained build operations Thread 8"        [_thread_blocked, id=26884, stack(0x0000003e21200000,0x0000003e21300000) (1024K)]
  0x000001812451f8e0 JavaThread "Unconstrained build operations Thread 9"        [_thread_blocked, id=16520, stack(0x0000003e21300000,0x0000003e21400000) (1024K)]
  0x000001812451dea0 JavaThread "Unconstrained build operations Thread 10"        [_thread_blocked, id=23164, stack(0x0000003e21400000,0x0000003e21500000) (1024K)]
  0x000001812451c460 JavaThread "Unconstrained build operations Thread 11"        [_thread_blocked, id=2160, stack(0x0000003e21500000,0x0000003e21600000) (1024K)]
  0x000001812451d180 JavaThread "Unconstrained build operations Thread 12"        [_thread_blocked, id=1500, stack(0x0000003e21600000,0x0000003e21700000) (1024K)]
  0x000001812451ff70 JavaThread "Unconstrained build operations Thread 13"        [_thread_blocked, id=24652, stack(0x0000003e21700000,0x0000003e21800000) (1024K)]
  0x000001812451d810 JavaThread "Unconstrained build operations Thread 14"        [_thread_blocked, id=23692, stack(0x0000003e21800000,0x0000003e21900000) (1024K)]
  0x000001812451caf0 JavaThread "Unconstrained build operations Thread 15"        [_thread_blocked, id=25908, stack(0x0000003e21900000,0x0000003e21a00000) (1024K)]
  0x0000018124520600 JavaThread "Unconstrained build operations Thread 16"        [_thread_blocked, id=6192, stack(0x0000003e21a00000,0x0000003e21b00000) (1024K)]
  0x0000018124521320 JavaThread "Unconstrained build operations Thread 17"        [_thread_blocked, id=27448, stack(0x0000003e21b00000,0x0000003e21c00000) (1024K)]
  0x00000181245226d0 JavaThread "Unconstrained build operations Thread 18"        [_thread_blocked, id=25080, stack(0x0000003e21c00000,0x0000003e21d00000) (1024K)]
  0x0000018124522040 JavaThread "Unconstrained build operations Thread 19"        [_thread_blocked, id=14148, stack(0x0000003e21d00000,0x0000003e21e00000) (1024K)]
  0x0000018124522d60 JavaThread "Unconstrained build operations Thread 20"        [_thread_blocked, id=16672, stack(0x0000003e21e00000,0x0000003e21f00000) (1024K)]
  0x0000018124520c90 JavaThread "Unconstrained build operations Thread 21"        [_thread_blocked, id=22956, stack(0x0000003e21f00000,0x0000003e22000000) (1024K)]
  0x00000181245233f0 JavaThread "Unconstrained build operations Thread 22"        [_thread_blocked, id=1548, stack(0x0000003e22000000,0x0000003e22100000) (1024K)]
  0x00000181245219b0 JavaThread "Unconstrained build operations Thread 23"        [_thread_blocked, id=8620, stack(0x0000003e22100000,0x0000003e22200000) (1024K)]
  0x000001812525d3e0 JavaThread "Unconstrained build operations Thread 24"        [_thread_blocked, id=23092, stack(0x0000003e22200000,0x0000003e22300000) (1024K)]
  0x000001812525e100 JavaThread "Unconstrained build operations Thread 25"        [_thread_blocked, id=24104, stack(0x0000003e22300000,0x0000003e22400000) (1024K)]
  0x000001812525cd50 JavaThread "Unconstrained build operations Thread 26"        [_thread_blocked, id=24120, stack(0x0000003e22400000,0x0000003e22500000) (1024K)]
  0x000001812525b9a0 JavaThread "Unconstrained build operations Thread 27"        [_thread_blocked, id=25780, stack(0x0000003e22500000,0x0000003e22600000) (1024K)]
  0x000001812525e790 JavaThread "Unconstrained build operations Thread 28"        [_thread_blocked, id=27232, stack(0x0000003e22600000,0x0000003e22700000) (1024K)]
  0x000001812525ee20 JavaThread "Unconstrained build operations Thread 29"        [_thread_blocked, id=27464, stack(0x0000003e22700000,0x0000003e22800000) (1024K)]
  0x000001812525c6c0 JavaThread "Unconstrained build operations Thread 30"        [_thread_blocked, id=26516, stack(0x0000003e22800000,0x0000003e22900000) (1024K)]
  0x000001812525f4b0 JavaThread "Unconstrained build operations Thread 31"        [_thread_blocked, id=26200, stack(0x0000003e22900000,0x0000003e22a00000) (1024K)]
  0x000001812525c030 JavaThread "Unconstrained build operations Thread 32"        [_thread_blocked, id=5580, stack(0x0000003e22a00000,0x0000003e22b00000) (1024K)]
  0x00000181252622a0 JavaThread "Unconstrained build operations Thread 33"        [_thread_blocked, id=26912, stack(0x0000003e22b00000,0x0000003e22c00000) (1024K)]
  0x0000018125262930 JavaThread "Unconstrained build operations Thread 34"        [_thread_blocked, id=24768, stack(0x0000003e22c00000,0x0000003e22d00000) (1024K)]
  0x00000181252601d0 JavaThread "Unconstrained build operations Thread 35"        [_thread_blocked, id=372, stack(0x0000003e22d00000,0x0000003e22e00000) (1024K)]
  0x000001812525fb40 JavaThread "Unconstrained build operations Thread 36"        [_thread_blocked, id=27048, stack(0x0000003e22e00000,0x0000003e22f00000) (1024K)]
  0x0000018125260860 JavaThread "Unconstrained build operations Thread 37"        [_thread_blocked, id=15764, stack(0x0000003e22f00000,0x0000003e23000000) (1024K)]
  0x0000018125260ef0 JavaThread "Unconstrained build operations Thread 38"        [_thread_blocked, id=24732, stack(0x0000003e23000000,0x0000003e23100000) (1024K)]
  0x0000018125261c10 JavaThread "Unconstrained build operations Thread 39"        [_thread_blocked, id=25068, stack(0x0000003e23100000,0x0000003e23200000) (1024K)]
  0x00000181229bcbf0 JavaThread "Unconstrained build operations Thread 40"        [_thread_blocked, id=26832, stack(0x0000003e23200000,0x0000003e23300000) (1024K)]
  0x00000181229b9e00 JavaThread "Unconstrained build operations Thread 41"        [_thread_blocked, id=22560, stack(0x0000003e23300000,0x0000003e23400000) (1024K)]
  0x00000181229ba490 JavaThread "Unconstrained build operations Thread 42"        [_thread_blocked, id=16348, stack(0x0000003e23400000,0x0000003e23500000) (1024K)]
  0x00000181229bb1b0 JavaThread "Unconstrained build operations Thread 43"        [_thread_blocked, id=8132, stack(0x0000003e23500000,0x0000003e23600000) (1024K)]
  0x00000181229bbed0 JavaThread "Unconstrained build operations Thread 44"        [_thread_blocked, id=13604, stack(0x0000003e23600000,0x0000003e23700000) (1024K)]
  0x00000181229b9770 JavaThread "Unconstrained build operations Thread 45"        [_thread_blocked, id=25160, stack(0x0000003e23700000,0x0000003e23800000) (1024K)]
  0x00000181229be630 JavaThread "Unconstrained build operations Thread 46"        [_thread_blocked, id=2176, stack(0x0000003e23800000,0x0000003e23900000) (1024K)]
  0x00000181229becc0 JavaThread "build event listener"              [_thread_blocked, id=27228, stack(0x0000003e23900000,0x0000003e23a00000) (1024K)]
  0x00000181229c0700 JavaThread "ForkJoinPool.commonPool-worker-11" daemon [_thread_blocked, id=13808, stack(0x0000003e23a00000,0x0000003e23b00000) (1024K)]
  0x000001812024d690 JavaThread "pool-6-thread-1"                   [_thread_blocked, id=7520, stack(0x0000003e23b00000,0x0000003e23c00000) (1024K)]
  0x000001812024e3b0 JavaThread "build event listener"              [_thread_blocked, id=24148, stack(0x0000003e23c00000,0x0000003e23d00000) (1024K)]
  0x0000018120b72960 JavaThread "included builds"                   [_thread_blocked, id=23140, stack(0x0000003e23d00000,0x0000003e23e00000) (1024K)]
  0x0000018125d9a240 JavaThread "Execution worker"                  [_thread_blocked, id=9620, stack(0x0000003e23e00000,0x0000003e23f00000) (1024K)]
  0x0000018125d9d6c0 JavaThread "Execution worker Thread 2"         [_thread_blocked, id=25760, stack(0x0000003e23f00000,0x0000003e24000000) (1024K)]
  0x0000018125d9bc80 JavaThread "Execution worker Thread 3"         [_thread_blocked, id=25480, stack(0x0000003e24000000,0x0000003e24100000) (1024K)]
  0x0000018125d9dd50 JavaThread "Execution worker Thread 4"         [_thread_blocked, id=17108, stack(0x0000003e24100000,0x0000003e24200000) (1024K)]
  0x0000018125d9c9a0 JavaThread "Execution worker Thread 5"         [_thread_blocked, id=15508, stack(0x0000003e24200000,0x0000003e24300000) (1024K)]
  0x0000018125d9d030 JavaThread "Execution worker Thread 6"         [_thread_blocked, id=14420, stack(0x0000003e24300000,0x0000003e24400000) (1024K)]
  0x0000018125d9c310 JavaThread "Execution worker Thread 7"         [_thread_blocked, id=12372, stack(0x0000003e24400000,0x0000003e24500000) (1024K)]
  0x0000018125d9a8d0 JavaThread "Execution worker Thread 8"         [_thread_blocked, id=10228, stack(0x0000003e24500000,0x0000003e24600000) (1024K)]
  0x0000018125d9e3e0 JavaThread "Execution worker Thread 9"         [_thread_blocked, id=3944, stack(0x0000003e24600000,0x0000003e24700000) (1024K)]
  0x0000018125d9af60 JavaThread "Execution worker Thread 10"        [_thread_blocked, id=4416, stack(0x0000003e24700000,0x0000003e24800000) (1024K)]
  0x0000018125d9ea70 JavaThread "Cache worker for execution history cache (E:\Android\projects\A054_Eventorias\.gradle\8.13\executionHistory)"        [_thread_blocked, id=17308, stack(0x0000003e24800000,0x0000003e24900000) (1024K)]
  0x0000018125d9b5f0 JavaThread "Execution worker Thread 11"        [_thread_blocked, id=8200, stack(0x0000003e24900000,0x0000003e24a00000) (1024K)]
  0x0000018125da11d0 JavaThread "Unconstrained build operations Thread 47"        [_thread_blocked, id=10164, stack(0x0000003e24a00000,0x0000003e24b00000) (1024K)]
  0x0000018125d9f100 JavaThread "Unconstrained build operations Thread 48"        [_thread_blocked, id=18848, stack(0x0000003e24b00000,0x0000003e24c00000) (1024K)]
  0x0000018125d9f790 JavaThread "Unconstrained build operations Thread 49"        [_thread_blocked, id=16536, stack(0x0000003e24c00000,0x0000003e24d00000) (1024K)]
  0x0000018125d9fe20 JavaThread "Unconstrained build operations Thread 50"        [_thread_blocked, id=27052, stack(0x0000003e24d00000,0x0000003e24e00000) (1024K)]
  0x0000018125da04b0 JavaThread "Unconstrained build operations Thread 51"        [_thread_blocked, id=25696, stack(0x0000003e24f00000,0x0000003e25000000) (1024K)]
  0x0000018125da1860 JavaThread "Unconstrained build operations Thread 52"        [_thread_blocked, id=22564, stack(0x0000003e25c00000,0x0000003e25d00000) (1024K)]
  0x0000018125da0b40 JavaThread "Unconstrained build operations Thread 53"        [_thread_blocked, id=27540, stack(0x0000003e25e00000,0x0000003e25f00000) (1024K)]
  0x00000181256958e0 JavaThread "Unconstrained build operations Thread 54"        [_thread_blocked, id=21132, stack(0x0000003e26000000,0x0000003e26100000) (1024K)]
  0x0000018125694bc0 JavaThread "Unconstrained build operations Thread 55"        [_thread_blocked, id=9296, stack(0x0000003e26100000,0x0000003e26200000) (1024K)]
  0x0000018125695f70 JavaThread "Unconstrained build operations Thread 56"        [_thread_blocked, id=24348, stack(0x0000003e26200000,0x0000003e26300000) (1024K)]
  0x0000018125696600 JavaThread "Unconstrained build operations Thread 57"        [_thread_blocked, id=19168, stack(0x0000003e26300000,0x0000003e26400000) (1024K)]
  0x00000181256979b0 JavaThread "Unconstrained build operations Thread 58"        [_thread_blocked, id=26064, stack(0x0000003e26500000,0x0000003e26600000) (1024K)]
  0x0000018125696c90 JavaThread "Unconstrained build operations Thread 59"        [_thread_blocked, id=20312, stack(0x0000003e26600000,0x0000003e26700000) (1024K)]
  0x0000018125697320 JavaThread "Unconstrained build operations Thread 60"        [_thread_blocked, id=6132, stack(0x0000003e26700000,0x0000003e26800000) (1024K)]
  0x0000018125694530 JavaThread "Unconstrained build operations Thread 61"        [_thread_blocked, id=27248, stack(0x0000003e26800000,0x0000003e26900000) (1024K)]
  0x0000018125698040 JavaThread "Unconstrained build operations Thread 62"        [_thread_blocked, id=13224, stack(0x0000003e26900000,0x0000003e26a00000) (1024K)]
  0x0000018125695250 JavaThread "Unconstrained build operations Thread 63"        [_thread_blocked, id=8624, stack(0x0000003e26a00000,0x0000003e26b00000) (1024K)]
  0x000001812569a110 JavaThread "Unconstrained build operations Thread 64"        [_thread_blocked, id=27548, stack(0x0000003e26b00000,0x0000003e26c00000) (1024K)]
  0x000001812569b4c0 JavaThread "Unconstrained build operations Thread 65"        [_thread_blocked, id=1372, stack(0x0000003e26c00000,0x0000003e26d00000) (1024K)]
  0x0000018125698d60 JavaThread "Unconstrained build operations Thread 66"        [_thread_blocked, id=11364, stack(0x0000003e26d00000,0x0000003e26e00000) (1024K)]
  0x00000181256993f0 JavaThread "Unconstrained build operations Thread 67"        [_thread_blocked, id=25680, stack(0x0000003e26e00000,0x0000003e26f00000) (1024K)]
  0x000001812569a7a0 JavaThread "Unconstrained build operations Thread 68"        [_thread_blocked, id=4568, stack(0x0000003e26f00000,0x0000003e27000000) (1024K)]
  0x0000018125699a80 JavaThread "Unconstrained build operations Thread 69"        [_thread_blocked, id=26176, stack(0x0000003e27000000,0x0000003e27100000) (1024K)]
  0x000001812569ae30 JavaThread "WorkerExecutor Queue Thread 2"        [_thread_blocked, id=26188, stack(0x0000003e27100000,0x0000003e27200000) (1024K)]
  0x00000181256986d0 JavaThread "Unconstrained build operations Thread 70"        [_thread_blocked, id=12272, stack(0x0000003e27200000,0x0000003e27300000) (1024K)]
  0x0000018125b3f650 JavaThread "Unconstrained build operations Thread 71"        [_thread_blocked, id=25812, stack(0x0000003e27300000,0x0000003e27400000) (1024K)]
  0x0000018125b3fce0 JavaThread "Unconstrained build operations Thread 72"        [_thread_blocked, id=26552, stack(0x0000003e27400000,0x0000003e27500000) (1024K)]
  0x0000018125b40370 JavaThread "Unconstrained build operations Thread 73"        [_thread_blocked, id=8128, stack(0x0000003e27500000,0x0000003e27600000) (1024K)]
  0x0000018125b40a00 JavaThread "Unconstrained build operations Thread 74"        [_thread_blocked, id=23056, stack(0x0000003e27600000,0x0000003e27700000) (1024K)]
  0x0000018125b3efc0 JavaThread "Unconstrained build operations Thread 75"        [_thread_blocked, id=23672, stack(0x0000003e27700000,0x0000003e27800000) (1024K)]
  0x0000018125b41090 JavaThread "Unconstrained build operations Thread 76"        [_thread_blocked, id=23636, stack(0x0000003e27800000,0x0000003e27900000) (1024K)]
  0x0000018125b3dc10 JavaThread "Unconstrained build operations Thread 77"        [_thread_blocked, id=25856, stack(0x0000003e27900000,0x0000003e27a00000) (1024K)]
  0x0000018125b3e2a0 JavaThread "Unconstrained build operations Thread 78"        [_thread_blocked, id=25708, stack(0x0000003e27a00000,0x0000003e27b00000) (1024K)]
  0x0000018125b3e930 JavaThread "Unconstrained build operations Thread 79"        [_thread_blocked, id=24844, stack(0x0000003e27b00000,0x0000003e27c00000) (1024K)]
  0x0000018120b61570 JavaThread "Unconstrained build operations Thread 80"        [_thread_blocked, id=17872, stack(0x0000003e27c00000,0x0000003e27d00000) (1024K)]
  0x0000018120b62fb0 JavaThread "WorkerExecutor Queue Thread 3"        [_thread_blocked, id=23184, stack(0x0000003e27d00000,0x0000003e27e00000) (1024K)]
  0x0000018120b60ee0 JavaThread "WorkerExecutor Queue Thread 4"        [_thread_blocked, id=20460, stack(0x0000003e27e00000,0x0000003e27f00000) (1024K)]
  0x0000018120b649f0 JavaThread "WorkerExecutor Queue Thread 5"        [_thread_blocked, id=25136, stack(0x0000003e27f00000,0x0000003e28000000) (1024K)]
  0x0000018120b62290 JavaThread "WorkerExecutor Queue Thread 6"        [_thread_in_native, id=25092, stack(0x0000003e28000000,0x0000003e28100000) (1024K)]
  0x0000018120b63640 JavaThread "WorkerExecutor Queue Thread 7"        [_thread_blocked, id=9504, stack(0x0000003e28100000,0x0000003e28200000) (1024K)]
  0x0000018120b68b90 JavaThread "WorkerExecutor Queue Thread 10"        [_thread_blocked, id=25432, stack(0x0000003e28400000,0x0000003e28500000) (1024K)]
  0x0000018120b68500 JavaThread "WorkerExecutor Queue Thread 11"        [_thread_blocked, id=26420, stack(0x0000003e28500000,0x0000003e28600000) (1024K)]
  0x0000018120b66430 JavaThread "WorkerExecutor Queue Thread 12"        [_thread_blocked, id=15008, stack(0x0000003e28600000,0x0000003e28700000) (1024K)]
  0x0000018120b66ac0 JavaThread "Unconstrained build operations Thread 81"        [_thread_blocked, id=1356, stack(0x0000003e28700000,0x0000003e28800000) (1024K)]
  0x0000018120b65710 JavaThread "Unconstrained build operations Thread 82"        [_thread_blocked, id=7656, stack(0x0000003e28800000,0x0000003e28900000) (1024K)]
  0x0000018120b69220 JavaThread "Unconstrained build operations Thread 83"        [_thread_blocked, id=19248, stack(0x0000003e28900000,0x0000003e28a00000) (1024K)]
  0x0000018120b67150 JavaThread "Unconstrained build operations Thread 84"        [_thread_blocked, id=25608, stack(0x0000003e28a00000,0x0000003e28b00000) (1024K)]
  0x0000018120b65da0 JavaThread "Unconstrained build operations Thread 85"        [_thread_blocked, id=26476, stack(0x0000003e28b00000,0x0000003e28c00000) (1024K)]
  0x0000018120b6a5d0 JavaThread "Unconstrained build operations Thread 86"        [_thread_blocked, id=25276, stack(0x0000003e28c00000,0x0000003e28d00000) (1024K)]
  0x0000018120b698b0 JavaThread "Unconstrained build operations Thread 87"        [_thread_blocked, id=9848, stack(0x0000003e28d00000,0x0000003e28e00000) (1024K)]
  0x0000018120b6ac60 JavaThread "Unconstrained build operations Thread 88"        [_thread_blocked, id=27396, stack(0x0000003e28e00000,0x0000003e28f00000) (1024K)]
  0x0000018120b677e0 JavaThread "Unconstrained build operations Thread 89"        [_thread_blocked, id=20208, stack(0x0000003e28f00000,0x0000003e29000000) (1024K)]
  0x0000018120b6b2f0 JavaThread "Unconstrained build operations Thread 90"        [_thread_blocked, id=27100, stack(0x0000003e29000000,0x0000003e29100000) (1024K)]
  0x0000018120b67e70 JavaThread "Unconstrained build operations Thread 91"        [_thread_blocked, id=13608, stack(0x0000003e29100000,0x0000003e29200000) (1024K)]
  0x0000018120b6da50 JavaThread "Unconstrained build operations Thread 92"        [_thread_blocked, id=7752, stack(0x0000003e29200000,0x0000003e29300000) (1024K)]
  0x0000018120b6ee00 JavaThread "Unconstrained build operations Thread 93"        [_thread_blocked, id=11120, stack(0x0000003e29300000,0x0000003e29400000) (1024K)]
  0x0000018120b6cd30 JavaThread "Unconstrained build operations Thread 94"        [_thread_blocked, id=12996, stack(0x0000003e29400000,0x0000003e29500000) (1024K)]
  0x0000018120b6c6a0 JavaThread "Unconstrained build operations Thread 95"        [_thread_blocked, id=252, stack(0x0000003e29500000,0x0000003e29600000) (1024K)]
  0x0000018120b6e0e0 JavaThread "Unconstrained build operations Thread 96"        [_thread_blocked, id=25508, stack(0x0000003e29600000,0x0000003e29700000) (1024K)]
  0x0000018120b6e770 JavaThread "Unconstrained build operations Thread 97"        [_thread_blocked, id=25208, stack(0x0000003e29700000,0x0000003e29800000) (1024K)]
  0x0000018120b6d3c0 JavaThread "Unconstrained build operations Thread 98"        [_thread_blocked, id=24176, stack(0x0000003e29800000,0x0000003e29900000) (1024K)]
  0x0000018120b6b980 JavaThread "Unconstrained build operations Thread 99"        [_thread_blocked, id=1216, stack(0x0000003e29900000,0x0000003e29a00000) (1024K)]
  0x0000018120b6f490 JavaThread "Unconstrained build operations Thread 100"        [_thread_blocked, id=26836, stack(0x0000003e29a00000,0x0000003e29b00000) (1024K)]
  0x0000018120b6c010 JavaThread "Unconstrained build operations Thread 101"        [_thread_blocked, id=20160, stack(0x0000003e29b00000,0x0000003e29c00000) (1024K)]
  0x0000018120b6fb20 JavaThread "Unconstrained build operations Thread 102"        [_thread_blocked, id=25256, stack(0x0000003e29c00000,0x0000003e29d00000) (1024K)]
  0x0000018120b701b0 JavaThread "Unconstrained build operations Thread 103"        [_thread_blocked, id=25348, stack(0x0000003e29d00000,0x0000003e29e00000) (1024K)]
  0x000001812b0f1b30 JavaThread "Unconstrained build operations Thread 104"        [_thread_blocked, id=13416, stack(0x0000003e29e00000,0x0000003e29f00000) (1024K)]
  0x000001812b0f21c0 JavaThread "Unconstrained build operations Thread 105"        [_thread_blocked, id=26824, stack(0x0000003e29f00000,0x0000003e2a000000) (1024K)]
  0x000001812b0f0e10 JavaThread "Unconstrained build operations Thread 106"        [_thread_blocked, id=23196, stack(0x0000003e2a000000,0x0000003e2a100000) (1024K)]
  0x000001812b0f2850 JavaThread "Unconstrained build operations Thread 107"        [_thread_blocked, id=1144, stack(0x0000003e2a100000,0x0000003e2a200000) (1024K)]
  0x000001812b0f14a0 JavaThread "Unconstrained build operations Thread 108"        [_thread_blocked, id=23244, stack(0x0000003e2a200000,0x0000003e2a300000) (1024K)]
  0x000001812b0f2ee0 JavaThread "Unconstrained build operations Thread 109"        [_thread_blocked, id=13220, stack(0x0000003e2a300000,0x0000003e2a400000) (1024K)]
  0x000001812b0f00f0 JavaThread "Unconstrained build operations Thread 110"        [_thread_blocked, id=24260, stack(0x0000003e2a400000,0x0000003e2a500000) (1024K)]
  0x000001812b0f3c00 JavaThread "Unconstrained build operations Thread 111"        [_thread_blocked, id=24168, stack(0x0000003e2a500000,0x0000003e2a600000) (1024K)]
  0x000001812b0f0780 JavaThread "Unconstrained build operations Thread 112"        [_thread_blocked, id=10424, stack(0x0000003e2a600000,0x0000003e2a700000) (1024K)]
  0x000001812b0f4920 JavaThread "Unconstrained build operations Thread 113"        [_thread_blocked, id=25540, stack(0x0000003e2a700000,0x0000003e2a800000) (1024K)]
  0x000001812b0f4fb0 JavaThread "Unconstrained build operations Thread 114"        [_thread_blocked, id=25632, stack(0x0000003e2a800000,0x0000003e2a900000) (1024K)]
  0x000001812b0f4290 JavaThread "Unconstrained build operations Thread 115"        [_thread_blocked, id=26724, stack(0x0000003e2a900000,0x0000003e2aa00000) (1024K)]
  0x000001812b0f8ac0 JavaThread "Unconstrained build operations Thread 116"        [_thread_blocked, id=19072, stack(0x0000003e2aa00000,0x0000003e2ab00000) (1024K)]
  0x000001812b0f7710 JavaThread "Unconstrained build operations Thread 117"        [_thread_blocked, id=25312, stack(0x0000003e2ab00000,0x0000003e2ac00000) (1024K)]
  0x000001812b0f7080 JavaThread "Unconstrained build operations Thread 118"        [_thread_blocked, id=26600, stack(0x0000003e2ac00000,0x0000003e2ad00000) (1024K)]
  0x000001812b0f8430 JavaThread "Unconstrained build operations Thread 119"        [_thread_blocked, id=26512, stack(0x0000003e2ad00000,0x0000003e2ae00000) (1024K)]
  0x000001812b0f5640 JavaThread "Unconstrained build operations Thread 120"        [_thread_blocked, id=24088, stack(0x0000003e2ae00000,0x0000003e2af00000) (1024K)]
  0x000001812b0f9150 JavaThread "WorkerExecutor Queue Thread 13"        [_thread_blocked, id=26480, stack(0x0000003e2af00000,0x0000003e2b000000) (1024K)]
  0x000001812b0f97e0 JavaThread "pool-7-thread-1"                   [_thread_blocked, id=25640, stack(0x0000003e2b000000,0x0000003e2b100000) (1024K)]
  0x000001812b0f5cd0 JavaThread "stderr"                            [_thread_in_native, id=12872, stack(0x0000003e2b100000,0x0000003e2b200000) (1024K)]
  0x000001812b0fd2f0 JavaThread "stdout"                            [_thread_in_native, id=26816, stack(0x0000003e2b200000,0x0000003e2b300000) (1024K)]
  0x000001812b0fb220 JavaThread "ForkJoinPool-1-worker-1"    daemon [_thread_blocked, id=12252, stack(0x0000003e2b300000,0x0000003e2b400000) (1024K)]
  0x000001812b0f9e70 JavaThread "ForkJoinPool-1-worker-2"    daemon [_thread_blocked, id=27212, stack(0x0000003e2b400000,0x0000003e2b500000) (1024K)]
  0x000001812b0fa500 JavaThread "ForkJoinPool-1-worker-3"    daemon [_thread_blocked, id=23480, stack(0x0000003e2b500000,0x0000003e2b600000) (1024K)]
  0x000001812b0fe010 JavaThread "ForkJoinPool-1-worker-4"    daemon [_thread_blocked, id=18624, stack(0x0000003e2b600000,0x0000003e2b700000) (1024K)]
  0x000001812b0fb8b0 JavaThread "ForkJoinPool-1-worker-5"    daemon [_thread_blocked, id=25240, stack(0x0000003e2b700000,0x0000003e2b800000) (1024K)]
  0x000001812b0fbf40 JavaThread "ForkJoinPool-1-worker-6"    daemon [_thread_blocked, id=25356, stack(0x0000003e2b800000,0x0000003e2b900000) (1024K)]
  0x000001812b0fc5d0 JavaThread "ForkJoinPool-1-worker-7"    daemon [_thread_blocked, id=25416, stack(0x0000003e2b900000,0x0000003e2ba00000) (1024K)]
  0x000001812b0ff3c0 JavaThread "ForkJoinPool-1-worker-8"    daemon [_thread_blocked, id=24452, stack(0x0000003e2ba00000,0x0000003e2bb00000) (1024K)]
  0x000001812b0fd980 JavaThread "ForkJoinPool-1-worker-9"    daemon [_thread_blocked, id=26972, stack(0x0000003e2bb00000,0x0000003e2bc00000) (1024K)]
  0x000001812b0fcc60 JavaThread "ForkJoinPool-1-worker-10"   daemon [_thread_blocked, id=25020, stack(0x0000003e2bc00000,0x0000003e2bd00000) (1024K)]
  0x000001812b0fe6a0 JavaThread "ForkJoinPool-1-worker-11"   daemon [_thread_blocked, id=25116, stack(0x0000003e2bd00000,0x0000003e2be00000) (1024K)]
  0x000001812b0fed30 JavaThread "ForkJoinPool-1-worker-12"   daemon [_thread_blocked, id=9196, stack(0x0000003e2be00000,0x0000003e2bf00000) (1024K)]
  0x000001811eb621b0 JavaThread "stderr"                            [_thread_in_native, id=23992, stack(0x0000003e28200000,0x0000003e28300000) (1024K)]
  0x000001811eb63560 JavaThread "stdout"                            [_thread_in_native, id=26668, stack(0x0000003e2bf00000,0x0000003e2c000000) (1024K)]
  0x000001811eb60e00 JavaThread "stderr"                            [_thread_in_native, id=2556, stack(0x0000003e2c000000,0x0000003e2c100000) (1024K)]
  0x000001811eb64910 JavaThread "stdout"                            [_thread_in_native, id=26208, stack(0x0000003e2c100000,0x0000003e2c200000) (1024K)]
  0x000001811eb62840 JavaThread "stderr"                            [_thread_in_native, id=13204, stack(0x0000003e2c200000,0x0000003e2c300000) (1024K)]
  0x000001811eb62ed0 JavaThread "stdout"                            [_thread_in_native, id=25740, stack(0x0000003e2c300000,0x0000003e2c400000) (1024K)]
  0x000001811eb61b20 JavaThread "stderr"                            [_thread_in_native, id=6760, stack(0x0000003e2c400000,0x0000003e2c500000) (1024K)]
  0x000001811eb67070 JavaThread "stdout"                            [_thread_in_native, id=20260, stack(0x0000003e2c500000,0x0000003e2c600000) (1024K)]
  0x000001811eb65cc0 JavaThread "stderr"                            [_thread_in_native, id=12964, stack(0x0000003e2c600000,0x0000003e2c700000) (1024K)]
  0x000001811eb66350 JavaThread "stdout"                            [_thread_in_native, id=7724, stack(0x0000003e2c700000,0x0000003e2c800000) (1024K)]
  0x000001811eb67d90 JavaThread "stderr"                            [_thread_in_native, id=13188, stack(0x0000003e2c800000,0x0000003e2c900000) (1024K)]
  0x000001811eb67700 JavaThread "stdout"                            [_thread_in_native, id=18860, stack(0x0000003e2c900000,0x0000003e2ca00000) (1024K)]
  0x000001811eb68420 JavaThread "stderr"                            [_thread_in_native, id=26244, stack(0x0000003e2ca00000,0x0000003e2cb00000) (1024K)]
  0x000001811eb64fa0 JavaThread "stdout"                            [_thread_in_native, id=11012, stack(0x0000003e2cb00000,0x0000003e2cc00000) (1024K)]
  0x000001811eb6e000 JavaThread "Periodic tasks thread"      daemon [_thread_blocked, id=24720, stack(0x0000003e2cd00000,0x0000003e2ce00000) (1024K)]
  0x000001811eb6ed20 JavaThread "ApplicationImpl pooled thread 1" daemon [_thread_blocked, id=11864, stack(0x0000003e2ce00000,0x0000003e2cf00000) (1024K)]
  0x000001812572a410 JavaThread "Java2D Disposer"            daemon [_thread_blocked, id=5272, stack(0x0000003e28300000,0x0000003e28400000) (1024K)]
  0x0000018125727620 JavaThread "AWT-Windows"                daemon [_thread_in_native, id=4668, stack(0x0000003e2d000000,0x0000003e2d100000) (1024K)]
  0x000001812cc02eb0 JavaThread "Cache worker for Java compile cache (C:\Users\olivi\.gradle\caches\8.13\javaCompile)"        [_thread_blocked, id=24968, stack(0x0000003e2cf00000,0x0000003e2d000000) (1024K)]
  0x0000018131108540 JavaThread "Incoming local TCP Connector on port 50979"        [_thread_blocked, id=14440, stack(0x0000003e2d100000,0x0000003e2d200000) (1024K)]
  0x0000018131109f80 JavaThread "Exec process"                      [_thread_in_native, id=25012, stack(0x0000003e2d400000,0x0000003e2d500000) (1024K)]
  0x000001812eefaea0 JavaThread "Exec process Thread 2"             [_thread_blocked, id=27188, stack(0x0000003e2d600000,0x0000003e2d700000) (1024K)]
  0x000001812d9dd190 JavaThread "Exec process Thread 3"             [_thread_in_native, id=12408, stack(0x0000003e2d700000,0x0000003e2d800000) (1024K)]
  0x000001812d9ddeb0 JavaThread "Exec process Thread 4"             [_thread_in_native, id=22752, stack(0x0000003e2d800000,0x0000003e2d900000) (1024K)]
  0x0000018122872680 JavaThread "/127.0.0.1:50979 to /127.0.0.1:50980 workers"        [_thread_blocked, id=21908, stack(0x0000003e2d500000,0x0000003e2d600000) (1024K)]
  0x0000018122874750 JavaThread "/127.0.0.1:50979 to /127.0.0.1:50980 workers Thread 2"        [_thread_blocked, id=26488, stack(0x0000003e2d900000,0x0000003e2da00000) (1024K)]
  0x000001812cc03540 JavaThread "/127.0.0.1:50979 to /127.0.0.1:50980 workers Thread 3"        [_thread_blocked, id=4072, stack(0x0000003e2da00000,0x0000003e2db00000) (1024K)]
  0x000001812cc02190 JavaThread "/127.0.0.1:50979 to /127.0.0.1:50980 workers Thread 4"        [_thread_blocked, id=19400, stack(0x0000003e2db00000,0x0000003e2dc00000) (1024K)]
  0x000001812cc00de0 JavaThread "/127.0.0.1:50979 to /127.0.0.1:50980 workers Thread 5"        [_thread_in_native, id=26140, stack(0x0000003e2dc00000,0x0000003e2dd00000) (1024K)]
  0x0000018131db7040 JavaThread "Build operations"                  [_thread_blocked, id=26432, stack(0x0000003e2dd00000,0x0000003e2de00000) (1024K)]
  0x0000018131db9e30 JavaThread "Build operations Thread 2"         [_thread_blocked, id=22916, stack(0x0000003e2de00000,0x0000003e2df00000) (1024K)]
  0x000001812f041f70 JavaThread "Build operations Thread 3"         [_thread_blocked, id=22960, stack(0x0000003e2df00000,0x0000003e2e000000) (1024K)]
  0x000001812f0439b0 JavaThread "Build operations Thread 4"         [_thread_blocked, id=6288, stack(0x0000003e2e000000,0x0000003e2e100000) (1024K)]
  0x000001812f040bc0 JavaThread "Build operations Thread 5"         [_thread_blocked, id=17232, stack(0x0000003e2e100000,0x0000003e2e200000) (1024K)]
  0x000001812f042c90 JavaThread "Build operations Thread 6"         [_thread_blocked, id=12908, stack(0x0000003e2e200000,0x0000003e2e300000) (1024K)]
  0x000001812f0418e0 JavaThread "Build operations Thread 7"         [_thread_blocked, id=6360, stack(0x0000003e2e300000,0x0000003e2e400000) (1024K)]
  0x000001812f040530 JavaThread "Build operations Thread 8"         [_thread_blocked, id=25732, stack(0x0000003e2e400000,0x0000003e2e500000) (1024K)]
  0x000001812f041250 JavaThread "Build operations Thread 9"         [_thread_blocked, id=26964, stack(0x0000003e2e500000,0x0000003e2e600000) (1024K)]
  0x000001812f042600 JavaThread "Build operations Thread 10"        [_thread_blocked, id=26088, stack(0x0000003e2e600000,0x0000003e2e700000) (1024K)]
  0x0000018131819ce0 JavaThread "Build operations Thread 11"        [_thread_blocked, id=20540, stack(0x0000003e2e700000,0x0000003e2e800000) (1024K)]
  0x0000018131108bd0 JavaThread "Build operations Thread 12"        [_thread_blocked, id=24424, stack(0x0000003e2e800000,0x0000003e2e900000) (1024K)]
  0x0000018149876590 JavaThread "WorkerExecutor Queue Thread 15"        [_thread_blocked, id=1136, stack(0x0000003e26400000,0x0000003e26500000) (1024K)]
  0x000001812df52d80 JavaThread "jar transforms"                    [_thread_blocked, id=14228, stack(0x0000003e1d300000,0x0000003e1d400000) (1024K)]
  0x000001812df51340 JavaThread "jar transforms Thread 2"           [_thread_blocked, id=27560, stack(0x0000003e1d400000,0x0000003e1d500000) (1024K)]
  0x000001812df54e50 JavaThread "jar transforms Thread 3"           [_thread_blocked, id=21012, stack(0x0000003e20500000,0x0000003e20600000) (1024K)]
  0x0000018123f57ab0 JavaThread "jar transforms Thread 4"           [_thread_blocked, id=26128, stack(0x0000003e20700000,0x0000003e20800000) (1024K)]
  0x0000018123f56d90 JavaThread "jar transforms Thread 5"           [_thread_blocked, id=1132, stack(0x0000003e2e900000,0x0000003e2ea00000) (1024K)]
  0x0000018123f56700 JavaThread "jar transforms Thread 6"           [_thread_blocked, id=9660, stack(0x0000003e2ea00000,0x0000003e2eb00000) (1024K)]
  0x0000018149b86960 JavaThread "jar transforms Thread 7"           [_thread_blocked, id=22812, stack(0x0000003e2eb00000,0x0000003e2ec00000) (1024K)]
  0x0000018149308430 JavaThread "C2 CompilerThread1"         daemon [_thread_blocked, id=6296, stack(0x0000003e2ec00000,0x0000003e2ed00000) (1024K)]
  0x0000018149305480 JavaThread "C2 CompilerThread2"         daemon [_thread_blocked, id=1348, stack(0x0000003e2ed00000,0x0000003e2ee00000) (1024K)]
  0x0000018149b85c40 JavaThread "jar transforms Thread 8"           [_thread_blocked, id=21756, stack(0x0000003e2ee00000,0x0000003e2ef00000) (1024K)]
  0x0000018149b87680 JavaThread "jar transforms Thread 9"           [_thread_blocked, id=24848, stack(0x0000003e2ef00000,0x0000003e2f000000) (1024K)]
  0x0000018149b87d10 JavaThread "jar transforms Thread 10"          [_thread_blocked, id=26788, stack(0x0000003e2f000000,0x0000003e2f100000) (1024K)]
  0x0000018149b86ff0 JavaThread "jar transforms Thread 11"          [_thread_blocked, id=23748, stack(0x0000003e2f100000,0x0000003e2f200000) (1024K)]
  0x0000018149b883a0 JavaThread "jar transforms Thread 12"          [_thread_blocked, id=10476, stack(0x0000003e2f200000,0x0000003e2f300000) (1024K)]
  0x0000018149b88a30 JavaThread "DefaultDispatcher-worker-1" daemon [_thread_blocked, id=2280, stack(0x0000003e2f600000,0x0000003e2f700000) (1024K)]
  0x0000018149b855b0 JavaThread "DefaultDispatcher-worker-2" daemon [_thread_blocked, id=1316, stack(0x0000003e2f700000,0x0000003e2f800000) (1024K)]
  0x000001812c85e5a0 JavaThread "DefaultDispatcher-worker-3" daemon [_thread_blocked, id=27024, stack(0x0000003e2f800000,0x0000003e2f900000) (1024K)]
  0x000001812e818170 JavaThread "DefaultDispatcher-worker-4" daemon [_thread_blocked, id=27304, stack(0x0000003e2f900000,0x0000003e2fa00000) (1024K)]
  0x000001812a05a0f0 JavaThread "WorkerExecutor Queue Thread 16"        [_thread_blocked, id=16912, stack(0x0000003e2fa00000,0x0000003e2fb00000) (1024K)]
  0x00000181631e3620 JavaThread "Periodic tasks thread"      daemon [_thread_blocked, id=24864, stack(0x0000003e2f400000,0x0000003e2f500000) (1024K)]
  0x00000181631e1be0 JavaThread "ApplicationImpl pooled thread 1"        [_thread_blocked, id=26416, stack(0x0000003e2f500000,0x0000003e2f600000) (1024K)]
  0x000001811f557ad0 JavaThread "Exec process Thread 5"             [_thread_blocked, id=20064, stack(0x0000003e2fc00000,0x0000003e2fd00000) (1024K)]
  0x000001811f558160 JavaThread "Exec process Thread 6"             [_thread_blocked, id=18520, stack(0x0000003e2fd00000,0x0000003e2fe00000) (1024K)]
  0x000001812cc01b00 JavaThread "Exec process Thread 7"             [_thread_blocked, id=27264, stack(0x0000003e2fe00000,0x0000003e2ff00000) (1024K)]
  0x0000018152f60bd0 JavaThread "Keep-Alive-Timer"           daemon [_thread_blocked, id=25840, stack(0x0000003e1f900000,0x0000003e1fa00000) (1024K)]
Total: 273

Other Threads:
  0x00000180d7b00670 VMThread "VM Thread"                           [id=24048, stack(0x0000003e1dc00000,0x0000003e1dd00000) (1024K)]
  0x00000180d7af3bc0 WatcherThread "VM Periodic Task Thread"        [id=26204, stack(0x0000003e1db00000,0x0000003e1dc00000) (1024K)]
  0x00000180b3fe6030 WorkerThread "GC Thread#0"                     [id=5944, stack(0x0000003e1d600000,0x0000003e1d700000) (1024K)]
  0x000001811ea97030 WorkerThread "GC Thread#1"                     [id=24684, stack(0x0000003e1e900000,0x0000003e1ea00000) (1024K)]
  0x000001811ea973d0 WorkerThread "GC Thread#2"                     [id=5668, stack(0x0000003e1ea00000,0x0000003e1eb00000) (1024K)]
  0x000001811ea97770 WorkerThread "GC Thread#3"                     [id=10048, stack(0x0000003e1eb00000,0x0000003e1ec00000) (1024K)]
=>0x000001811ea97b10 WorkerThread "GC Thread#4"                     [id=26748, stack(0x0000003e1ec00000,0x0000003e1ed00000) (1024K)]
  0x000001811ed1f570 WorkerThread "GC Thread#5"                     [id=26464, stack(0x0000003e1ed00000,0x0000003e1ee00000) (1024K)]
  0x000001811e276140 WorkerThread "GC Thread#6"                     [id=12588, stack(0x0000003e1ee00000,0x0000003e1ef00000) (1024K)]
  0x000001811e2768b0 WorkerThread "GC Thread#7"                     [id=23652, stack(0x0000003e1ef00000,0x0000003e1f000000) (1024K)]
  0x000001811f0d77b0 WorkerThread "GC Thread#8"                     [id=27204, stack(0x0000003e1f000000,0x0000003e1f100000) (1024K)]
  0x000001811ef37bb0 WorkerThread "GC Thread#9"                     [id=18960, stack(0x0000003e1f100000,0x0000003e1f200000) (1024K)]
  0x00000180b3ff6eb0 ConcurrentGCThread "G1 Main Marker"            [id=19784, stack(0x0000003e1d700000,0x0000003e1d800000) (1024K)]
  0x00000180b3ff8570 WorkerThread "G1 Conc#0"                       [id=14580, stack(0x0000003e1d800000,0x0000003e1d900000) (1024K)]
  0x000001811f4780b0 WorkerThread "G1 Conc#1"                       [id=25392, stack(0x0000003e1ff00000,0x0000003e20000000) (1024K)]
  0x000001811f4787f0 WorkerThread "G1 Conc#2"                       [id=24460, stack(0x0000003e20000000,0x0000003e20100000) (1024K)]
  0x00000180d7a46050 ConcurrentGCThread "G1 Refine#0"               [id=14644, stack(0x0000003e1d900000,0x0000003e1da00000) (1024K)]
  0x00000180d7a48490 ConcurrentGCThread "G1 Service"                [id=26612, stack(0x0000003e1da00000,0x0000003e1db00000) (1024K)]
Total: 18

Threads with active compile tasks:
C2 CompilerThread0   111613 132169       4       com.android.tools.r8.internal.b41::a (943 bytes)
C2 CompilerThread1   111613 132050 %     4       com.android.tools.r8.ir.optimize.p1::c @ 572 (4296 bytes)
C2 CompilerThread2   111613 132285 %     4       com.android.tools.r8.ir.optimize.f0::a @ 12 (724 bytes)
Total: 3

VM state: at safepoint (normal execution)

VM Mutex/Monitor currently owned by a thread:  ([mutex/lock_event])
[0x00007ffe3df5de98] Threads_lock - owner thread: 0x00000180d7b00670
[0x00007ffe3df5df98] Heap_lock - owner thread: 0x000001812b0fbf40

Heap address: 0x0000000600000000, size: 8192 MB, Compressed Oops mode: Zero based, Oop shift amount: 3

CDS archive(s) mapped at: [0x00000180d9000000-0x00000180d9c90000-0x00000180d9c90000), size 13172736, SharedBaseAddress: 0x00000180d9000000, ArchiveRelocationMode: 1.
Compressed class space mapped at: 0x00000180da000000-0x000001811a000000, reserved size: 1073741824
Narrow klass base: 0x00000180d9000000, Narrow klass shift: 0, Narrow klass range: 0x100000000

GC Precious Log:
 CardTable entry size: 512
 Card Set container configuration: InlinePtr #cards 4 size 8 Array Of Cards #cards 32 size 80 Howl #buckets 8 coarsen threshold 7372 Howl Bitmap #cards 1024 size 144 coarsen threshold 921 Card regions per heap region 1 cards per card region 8192
 CPUs: 12 total, 12 available
 Memory: 32688M
 Large Page Support: Disabled
 NUMA Support: Disabled
 Compressed Oops: Enabled (Zero based)
 Heap Region Size: 4M
 Heap Min Capacity: 1G
 Heap Initial Capacity: 1G
 Heap Max Capacity: 8G
 Pre-touch: Disabled
 Parallel Workers: 10
 Concurrent Workers: 3
 Concurrent Refinement Workers: 10
 Periodic GC: Disabled

Heap:
 garbage-first heap   total 5758976K, used 5249024K [0x0000000600000000, 0x0000000800000000)
  region size 4096K, 847 young (3469312K), 52 survivors (212992K)
 Metaspace       used 452353K, committed 506368K, reserved 1507328K
  class space    used 55203K, committed 62848K, reserved 1048576K

Heap Regions: E=young(eden), S=young(survivor), O=old, HS=humongous(starts), HC=humongous(continues), CS=collection set, F=free, TAMS=top-at-mark-start, PB=parsable bottom
|   0|0x0000000600000000, 0x0000000600400000, 0x0000000600400000|100%|HS|  |TAMS 0x0000000600400000| PB 0x0000000600000000| Complete 
|   1|0x0000000600400000, 0x0000000600800000, 0x0000000600800000|100%| O|  |TAMS 0x0000000600800000| PB 0x0000000600400000| Untracked 
|   2|0x0000000600800000, 0x0000000600c00000, 0x0000000600c00000|100%| O|  |TAMS 0x0000000600c00000| PB 0x0000000600800000| Untracked 
|   3|0x0000000600c00000, 0x0000000601000000, 0x0000000601000000|100%| O|  |TAMS 0x0000000601000000| PB 0x0000000600c00000| Untracked 
|   4|0x0000000601000000, 0x0000000601400000, 0x0000000601400000|100%| O|  |TAMS 0x0000000601400000| PB 0x0000000601000000| Untracked 
|   5|0x0000000601400000, 0x0000000601800000, 0x0000000601800000|100%| O|  |TAMS 0x0000000601800000| PB 0x0000000601400000| Untracked 
|   6|0x0000000601800000, 0x0000000601c00000, 0x0000000601c00000|100%| O|  |TAMS 0x0000000601c00000| PB 0x0000000601800000| Untracked 
|   7|0x0000000601c00000, 0x0000000602000000, 0x0000000602000000|100%| O|  |TAMS 0x0000000602000000| PB 0x0000000601c00000| Untracked 
|   8|0x0000000602000000, 0x0000000602400000, 0x0000000602400000|100%| O|  |TAMS 0x0000000602400000| PB 0x0000000602000000| Untracked 
|   9|0x0000000602400000, 0x0000000602800000, 0x0000000602800000|100%| O|  |TAMS 0x0000000602800000| PB 0x0000000602400000| Untracked 
|  10|0x0000000602800000, 0x0000000602c00000, 0x0000000602c00000|100%| O|  |TAMS 0x0000000602c00000| PB 0x0000000602800000| Untracked 
|  11|0x0000000602c00000, 0x0000000603000000, 0x0000000603000000|100%| O|  |TAMS 0x0000000603000000| PB 0x0000000602c00000| Untracked 
|  12|0x0000000603000000, 0x0000000603400000, 0x0000000603400000|100%| O|  |TAMS 0x0000000603400000| PB 0x0000000603000000| Untracked 
|  13|0x0000000603400000, 0x0000000603800000, 0x0000000603800000|100%| O|  |TAMS 0x0000000603800000| PB 0x0000000603400000| Untracked 
|  14|0x0000000603800000, 0x0000000603c00000, 0x0000000603c00000|100%| O|  |TAMS 0x0000000603c00000| PB 0x0000000603800000| Untracked 
|  15|0x0000000603c00000, 0x0000000604000000, 0x0000000604000000|100%| O|  |TAMS 0x0000000604000000| PB 0x0000000603c00000| Untracked 
|  16|0x0000000604000000, 0x0000000604400000, 0x0000000604400000|100%| O|  |TAMS 0x0000000604400000| PB 0x0000000604000000| Untracked 
|  17|0x0000000604400000, 0x0000000604800000, 0x0000000604800000|100%|HS|  |TAMS 0x0000000604800000| PB 0x0000000604400000| Complete 
|  18|0x0000000604800000, 0x0000000604c00000, 0x0000000604c00000|100%| O|  |TAMS 0x0000000604c00000| PB 0x0000000604800000| Untracked 
|  19|0x0000000604c00000, 0x0000000605000000, 0x0000000605000000|100%| O|  |TAMS 0x0000000605000000| PB 0x0000000604c00000| Untracked 
|  20|0x0000000605000000, 0x0000000605400000, 0x0000000605400000|100%| O|  |TAMS 0x0000000605400000| PB 0x0000000605000000| Untracked 
|  21|0x0000000605400000, 0x0000000605800000, 0x0000000605800000|100%| O|  |TAMS 0x0000000605800000| PB 0x0000000605400000| Untracked 
|  22|0x0000000605800000, 0x0000000605c00000, 0x0000000605c00000|100%| O|  |TAMS 0x0000000605c00000| PB 0x0000000605800000| Untracked 
|  23|0x0000000605c00000, 0x0000000606000000, 0x0000000606000000|100%| O|  |TAMS 0x0000000606000000| PB 0x0000000605c00000| Untracked 
|  24|0x0000000606000000, 0x0000000606400000, 0x0000000606400000|100%| O|  |TAMS 0x0000000606400000| PB 0x0000000606000000| Untracked 
|  25|0x0000000606400000, 0x0000000606800000, 0x0000000606800000|100%| O|  |TAMS 0x0000000606800000| PB 0x0000000606400000| Untracked 
|  26|0x0000000606800000, 0x0000000606c00000, 0x0000000606c00000|100%| O|  |TAMS 0x0000000606c00000| PB 0x0000000606800000| Untracked 
|  27|0x0000000606c00000, 0x0000000607000000, 0x0000000607000000|100%| O|  |TAMS 0x0000000607000000| PB 0x0000000606c00000| Untracked 
|  28|0x0000000607000000, 0x0000000607400000, 0x0000000607400000|100%| O|  |TAMS 0x0000000607400000| PB 0x0000000607000000| Untracked 
|  29|0x0000000607400000, 0x0000000607800000, 0x0000000607800000|100%| O|  |TAMS 0x0000000607800000| PB 0x0000000607400000| Untracked 
|  30|0x0000000607800000, 0x0000000607c00000, 0x0000000607c00000|100%| O|  |TAMS 0x0000000607c00000| PB 0x0000000607800000| Untracked 
|  31|0x0000000607c00000, 0x0000000608000000, 0x0000000608000000|100%| O|  |TAMS 0x0000000608000000| PB 0x0000000607c00000| Untracked 
|  32|0x0000000608000000, 0x0000000608400000, 0x0000000608400000|100%| O|  |TAMS 0x0000000608400000| PB 0x0000000608000000| Untracked 
|  33|0x0000000608400000, 0x0000000608800000, 0x0000000608800000|100%| O|  |TAMS 0x0000000608800000| PB 0x0000000608400000| Untracked 
|  34|0x0000000608800000, 0x0000000608c00000, 0x0000000608c00000|100%| O|  |TAMS 0x0000000608c00000| PB 0x0000000608800000| Untracked 
|  35|0x0000000608c00000, 0x0000000609000000, 0x0000000609000000|100%| O|  |TAMS 0x0000000609000000| PB 0x0000000608c00000| Untracked 
|  36|0x0000000609000000, 0x0000000609400000, 0x0000000609400000|100%| O|  |TAMS 0x0000000609400000| PB 0x0000000609000000| Untracked 
|  37|0x0000000609400000, 0x0000000609800000, 0x0000000609800000|100%| O|  |TAMS 0x0000000609800000| PB 0x0000000609400000| Untracked 
|  38|0x0000000609800000, 0x0000000609c00000, 0x0000000609c00000|100%| O|  |TAMS 0x0000000609c00000| PB 0x0000000609800000| Untracked 
|  39|0x0000000609c00000, 0x000000060a000000, 0x000000060a000000|100%| O|  |TAMS 0x000000060a000000| PB 0x0000000609c00000| Untracked 
|  40|0x000000060a000000, 0x000000060a400000, 0x000000060a400000|100%| O|  |TAMS 0x000000060a400000| PB 0x000000060a000000| Untracked 
|  41|0x000000060a400000, 0x000000060a800000, 0x000000060a800000|100%| O|  |TAMS 0x000000060a800000| PB 0x000000060a400000| Untracked 
|  42|0x000000060a800000, 0x000000060ac00000, 0x000000060ac00000|100%| O|  |TAMS 0x000000060ac00000| PB 0x000000060a800000| Untracked 
|  43|0x000000060ac00000, 0x000000060b000000, 0x000000060b000000|100%| O|  |TAMS 0x000000060b000000| PB 0x000000060ac00000| Untracked 
|  44|0x000000060b000000, 0x000000060b400000, 0x000000060b400000|100%| O|  |TAMS 0x000000060b400000| PB 0x000000060b000000| Untracked 
|  45|0x000000060b400000, 0x000000060b800000, 0x000000060b800000|100%| O|  |TAMS 0x000000060b800000| PB 0x000000060b400000| Untracked 
|  46|0x000000060b800000, 0x000000060bc00000, 0x000000060bc00000|100%| O|  |TAMS 0x000000060bc00000| PB 0x000000060b800000| Untracked 
|  47|0x000000060bc00000, 0x000000060c000000, 0x000000060c000000|100%| O|  |TAMS 0x000000060c000000| PB 0x000000060bc00000| Untracked 
|  48|0x000000060c000000, 0x000000060c400000, 0x000000060c400000|100%| O|  |TAMS 0x000000060c400000| PB 0x000000060c000000| Untracked 
|  49|0x000000060c400000, 0x000000060c800000, 0x000000060c800000|100%| O|  |TAMS 0x000000060c800000| PB 0x000000060c400000| Untracked 
|  50|0x000000060c800000, 0x000000060cc00000, 0x000000060cc00000|100%| O|  |TAMS 0x000000060cc00000| PB 0x000000060c800000| Untracked 
|  51|0x000000060cc00000, 0x000000060d000000, 0x000000060d000000|100%| O|  |TAMS 0x000000060d000000| PB 0x000000060cc00000| Untracked 
|  52|0x000000060d000000, 0x000000060d400000, 0x000000060d400000|100%| O|  |TAMS 0x000000060d400000| PB 0x000000060d000000| Untracked 
|  53|0x000000060d400000, 0x000000060d800000, 0x000000060d800000|100%| O|  |TAMS 0x000000060d800000| PB 0x000000060d400000| Untracked 
|  54|0x000000060d800000, 0x000000060d800000, 0x000000060dc00000|  0%| F|  |TAMS 0x000000060d800000| PB 0x000000060d800000| Untracked 
|  55|0x000000060dc00000, 0x000000060e000000, 0x000000060e000000|100%| O|  |TAMS 0x000000060e000000| PB 0x000000060dc00000| Untracked 
|  56|0x000000060e000000, 0x000000060e400000, 0x000000060e400000|100%| O|  |TAMS 0x000000060e400000| PB 0x000000060e000000| Untracked 
|  57|0x000000060e400000, 0x000000060e800000, 0x000000060e800000|100%| O|  |TAMS 0x000000060e800000| PB 0x000000060e400000| Untracked 
|  58|0x000000060e800000, 0x000000060ec00000, 0x000000060ec00000|100%| O|  |TAMS 0x000000060ec00000| PB 0x000000060e800000| Untracked 
|  59|0x000000060ec00000, 0x000000060f000000, 0x000000060f000000|100%| O|  |TAMS 0x000000060f000000| PB 0x000000060ec00000| Untracked 
|  60|0x000000060f000000, 0x000000060f400000, 0x000000060f400000|100%| O|  |TAMS 0x000000060f400000| PB 0x000000060f000000| Untracked 
|  61|0x000000060f400000, 0x000000060f800000, 0x000000060f800000|100%| O|  |TAMS 0x000000060f800000| PB 0x000000060f400000| Untracked 
|  62|0x000000060f800000, 0x000000060fc00000, 0x000000060fc00000|100%| O|  |TAMS 0x000000060fc00000| PB 0x000000060f800000| Untracked 
|  63|0x000000060fc00000, 0x0000000610000000, 0x0000000610000000|100%| O|  |TAMS 0x0000000610000000| PB 0x000000060fc00000| Untracked 
|  64|0x0000000610000000, 0x0000000610400000, 0x0000000610400000|100%| O|  |TAMS 0x0000000610400000| PB 0x0000000610000000| Untracked 
|  65|0x0000000610400000, 0x0000000610800000, 0x0000000610800000|100%| O|  |TAMS 0x0000000610800000| PB 0x0000000610400000| Untracked 
|  66|0x0000000610800000, 0x0000000610c00000, 0x0000000610c00000|100%| O|  |TAMS 0x0000000610c00000| PB 0x0000000610800000| Untracked 
|  67|0x0000000610c00000, 0x0000000611000000, 0x0000000611000000|100%|HS|  |TAMS 0x0000000611000000| PB 0x0000000610c00000| Complete 
|  68|0x0000000611000000, 0x0000000611400000, 0x0000000611400000|100%| O|  |TAMS 0x0000000611400000| PB 0x0000000611000000| Untracked 
|  69|0x0000000611400000, 0x0000000611800000, 0x0000000611800000|100%|HS|  |TAMS 0x0000000611800000| PB 0x0000000611400000| Complete 
|  70|0x0000000611800000, 0x0000000611c00000, 0x0000000611c00000|100%| O|  |TAMS 0x0000000611c00000| PB 0x0000000611800000| Untracked 
|  71|0x0000000611c00000, 0x0000000612000000, 0x0000000612000000|100%| O|  |TAMS 0x0000000612000000| PB 0x0000000611c00000| Untracked 
|  72|0x0000000612000000, 0x0000000612400000, 0x0000000612400000|100%| O|  |TAMS 0x0000000612400000| PB 0x0000000612000000| Untracked 
|  73|0x0000000612400000, 0x0000000612800000, 0x0000000612800000|100%| O|  |TAMS 0x0000000612800000| PB 0x0000000612400000| Untracked 
|  74|0x0000000612800000, 0x0000000612c00000, 0x0000000612c00000|100%| O|  |TAMS 0x0000000612c00000| PB 0x0000000612800000| Untracked 
|  75|0x0000000612c00000, 0x0000000613000000, 0x0000000613000000|100%| O|  |TAMS 0x0000000613000000| PB 0x0000000612c00000| Untracked 
|  76|0x0000000613000000, 0x0000000613400000, 0x0000000613400000|100%|HS|  |TAMS 0x0000000613400000| PB 0x0000000613000000| Complete 
|  77|0x0000000613400000, 0x0000000613800000, 0x0000000613800000|100%| O|  |TAMS 0x0000000613800000| PB 0x0000000613400000| Untracked 
|  78|0x0000000613800000, 0x0000000613c00000, 0x0000000613c00000|100%| O|  |TAMS 0x0000000613c00000| PB 0x0000000613800000| Untracked 
|  79|0x0000000613c00000, 0x0000000614000000, 0x0000000614000000|100%| O|  |TAMS 0x0000000614000000| PB 0x0000000613c00000| Untracked 
|  80|0x0000000614000000, 0x0000000614400000, 0x0000000614400000|100%| O|  |TAMS 0x0000000614400000| PB 0x0000000614000000| Untracked 
|  81|0x0000000614400000, 0x0000000614800000, 0x0000000614800000|100%| O|  |TAMS 0x0000000614800000| PB 0x0000000614400000| Untracked 
|  82|0x0000000614800000, 0x0000000614c00000, 0x0000000614c00000|100%| O|  |TAMS 0x0000000614c00000| PB 0x0000000614800000| Untracked 
|  83|0x0000000614c00000, 0x0000000615000000, 0x0000000615000000|100%| O|  |TAMS 0x0000000615000000| PB 0x0000000614c00000| Untracked 
|  84|0x0000000615000000, 0x0000000615400000, 0x0000000615400000|100%| O|  |TAMS 0x0000000615400000| PB 0x0000000615000000| Untracked 
|  85|0x0000000615400000, 0x0000000615800000, 0x0000000615800000|100%| O|  |TAMS 0x0000000615800000| PB 0x0000000615400000| Untracked 
|  86|0x0000000615800000, 0x0000000615c00000, 0x0000000615c00000|100%| O|  |TAMS 0x0000000615c00000| PB 0x0000000615800000| Untracked 
|  87|0x0000000615c00000, 0x0000000616000000, 0x0000000616000000|100%| O|  |TAMS 0x0000000616000000| PB 0x0000000615c00000| Untracked 
|  88|0x0000000616000000, 0x0000000616400000, 0x0000000616400000|100%| O|  |TAMS 0x0000000616400000| PB 0x0000000616000000| Untracked 
|  89|0x0000000616400000, 0x0000000616800000, 0x0000000616800000|100%| O|  |TAMS 0x0000000616800000| PB 0x0000000616400000| Untracked 
|  90|0x0000000616800000, 0x0000000616c00000, 0x0000000616c00000|100%| O|  |TAMS 0x0000000616c00000| PB 0x0000000616800000| Untracked 
|  91|0x0000000616c00000, 0x0000000617000000, 0x0000000617000000|100%| O|  |TAMS 0x0000000617000000| PB 0x0000000616c00000| Untracked 
|  92|0x0000000617000000, 0x0000000617400000, 0x0000000617400000|100%| O|  |TAMS 0x0000000617400000| PB 0x0000000617000000| Untracked 
|  93|0x0000000617400000, 0x0000000617800000, 0x0000000617800000|100%| O|  |TAMS 0x0000000617800000| PB 0x0000000617400000| Untracked 
|  94|0x0000000617800000, 0x0000000617c00000, 0x0000000617c00000|100%| O|  |TAMS 0x0000000617c00000| PB 0x0000000617800000| Untracked 
|  95|0x0000000617c00000, 0x0000000618000000, 0x0000000618000000|100%| O|  |TAMS 0x0000000618000000| PB 0x0000000617c00000| Untracked 
|  96|0x0000000618000000, 0x0000000618400000, 0x0000000618400000|100%| O|  |TAMS 0x0000000618400000| PB 0x0000000618000000| Untracked 
|  97|0x0000000618400000, 0x0000000618800000, 0x0000000618800000|100%| O|  |TAMS 0x0000000618800000| PB 0x0000000618400000| Untracked 
|  98|0x0000000618800000, 0x0000000618c00000, 0x0000000618c00000|100%| O|  |TAMS 0x0000000618c00000| PB 0x0000000618800000| Untracked 
|  99|0x0000000618c00000, 0x0000000619000000, 0x0000000619000000|100%| O|  |TAMS 0x0000000619000000| PB 0x0000000618c00000| Untracked 
| 100|0x0000000619000000, 0x0000000619400000, 0x0000000619400000|100%| O|  |TAMS 0x0000000619400000| PB 0x0000000619000000| Untracked 
| 101|0x0000000619400000, 0x0000000619800000, 0x0000000619800000|100%| O|  |TAMS 0x0000000619800000| PB 0x0000000619400000| Untracked 
| 102|0x0000000619800000, 0x0000000619c00000, 0x0000000619c00000|100%| O|  |TAMS 0x0000000619c00000| PB 0x0000000619800000| Untracked 
| 103|0x0000000619c00000, 0x000000061a000000, 0x000000061a000000|100%| O|  |TAMS 0x000000061a000000| PB 0x0000000619c00000| Untracked 
| 104|0x000000061a000000, 0x000000061a400000, 0x000000061a400000|100%| O|  |TAMS 0x000000061a400000| PB 0x000000061a000000| Untracked 
| 105|0x000000061a400000, 0x000000061a800000, 0x000000061a800000|100%| O|  |TAMS 0x000000061a800000| PB 0x000000061a400000| Untracked 
| 106|0x000000061a800000, 0x000000061ac00000, 0x000000061ac00000|100%| O|  |TAMS 0x000000061ac00000| PB 0x000000061a800000| Untracked 
| 107|0x000000061ac00000, 0x000000061b000000, 0x000000061b000000|100%| O|  |TAMS 0x000000061b000000| PB 0x000000061ac00000| Untracked 
| 108|0x000000061b000000, 0x000000061b400000, 0x000000061b400000|100%| O|  |TAMS 0x000000061b400000| PB 0x000000061b000000| Untracked 
| 109|0x000000061b400000, 0x000000061b800000, 0x000000061b800000|100%| O|  |TAMS 0x000000061b800000| PB 0x000000061b400000| Untracked 
| 110|0x000000061b800000, 0x000000061bc00000, 0x000000061bc00000|100%| O|  |TAMS 0x000000061bc00000| PB 0x000000061b800000| Untracked 
| 111|0x000000061bc00000, 0x000000061c000000, 0x000000061c000000|100%| O|  |TAMS 0x000000061c000000| PB 0x000000061bc00000| Untracked 
| 112|0x000000061c000000, 0x000000061c400000, 0x000000061c400000|100%| O|  |TAMS 0x000000061c400000| PB 0x000000061c000000| Untracked 
| 113|0x000000061c400000, 0x000000061c800000, 0x000000061c800000|100%| O|  |TAMS 0x000000061c800000| PB 0x000000061c400000| Untracked 
| 114|0x000000061c800000, 0x000000061cc00000, 0x000000061cc00000|100%| O|  |TAMS 0x000000061cc00000| PB 0x000000061c800000| Untracked 
| 115|0x000000061cc00000, 0x000000061d000000, 0x000000061d000000|100%| O|  |TAMS 0x000000061d000000| PB 0x000000061cc00000| Untracked 
| 116|0x000000061d000000, 0x000000061d400000, 0x000000061d400000|100%| O|  |TAMS 0x000000061d400000| PB 0x000000061d000000| Untracked 
| 117|0x000000061d400000, 0x000000061d800000, 0x000000061d800000|100%| O|  |TAMS 0x000000061d800000| PB 0x000000061d400000| Untracked 
| 118|0x000000061d800000, 0x000000061dc00000, 0x000000061dc00000|100%| O|  |TAMS 0x000000061dc00000| PB 0x000000061d800000| Untracked 
| 119|0x000000061dc00000, 0x000000061e000000, 0x000000061e000000|100%| O|  |TAMS 0x000000061e000000| PB 0x000000061dc00000| Untracked 
| 120|0x000000061e000000, 0x000000061e400000, 0x000000061e400000|100%| O|  |TAMS 0x000000061e400000| PB 0x000000061e000000| Untracked 
| 121|0x000000061e400000, 0x000000061e800000, 0x000000061e800000|100%| O|  |TAMS 0x000000061e800000| PB 0x000000061e400000| Untracked 
| 122|0x000000061e800000, 0x000000061ec00000, 0x000000061ec00000|100%| O|  |TAMS 0x000000061ec00000| PB 0x000000061e800000| Untracked 
| 123|0x000000061ec00000, 0x000000061f000000, 0x000000061f000000|100%| O|  |TAMS 0x000000061f000000| PB 0x000000061ec00000| Untracked 
| 124|0x000000061f000000, 0x000000061f400000, 0x000000061f400000|100%| O|  |TAMS 0x000000061f400000| PB 0x000000061f000000| Untracked 
| 125|0x000000061f400000, 0x000000061f800000, 0x000000061f800000|100%| O|  |TAMS 0x000000061f800000| PB 0x000000061f400000| Untracked 
| 126|0x000000061f800000, 0x000000061fc00000, 0x000000061fc00000|100%| O|  |TAMS 0x000000061fc00000| PB 0x000000061f800000| Untracked 
| 127|0x000000061fc00000, 0x0000000620000000, 0x0000000620000000|100%| O|  |TAMS 0x0000000620000000| PB 0x000000061fc00000| Untracked 
| 128|0x0000000620000000, 0x0000000620400000, 0x0000000620400000|100%| O|  |TAMS 0x0000000620400000| PB 0x0000000620000000| Untracked 
| 129|0x0000000620400000, 0x0000000620800000, 0x0000000620800000|100%| O|  |TAMS 0x0000000620800000| PB 0x0000000620400000| Untracked 
| 130|0x0000000620800000, 0x0000000620c00000, 0x0000000620c00000|100%| O|  |TAMS 0x0000000620c00000| PB 0x0000000620800000| Untracked 
| 131|0x0000000620c00000, 0x0000000621000000, 0x0000000621000000|100%| O|  |TAMS 0x0000000621000000| PB 0x0000000620c00000| Untracked 
| 132|0x0000000621000000, 0x0000000621400000, 0x0000000621400000|100%| O|  |TAMS 0x0000000621400000| PB 0x0000000621000000| Untracked 
| 133|0x0000000621400000, 0x0000000621800000, 0x0000000621800000|100%| O|  |TAMS 0x0000000621800000| PB 0x0000000621400000| Untracked 
| 134|0x0000000621800000, 0x0000000621c00000, 0x0000000621c00000|100%| O|  |TAMS 0x0000000621c00000| PB 0x0000000621800000| Untracked 
| 135|0x0000000621c00000, 0x0000000622000000, 0x0000000622000000|100%| O|  |TAMS 0x0000000622000000| PB 0x0000000621c00000| Untracked 
| 136|0x0000000622000000, 0x0000000622400000, 0x0000000622400000|100%| O|  |TAMS 0x0000000622400000| PB 0x0000000622000000| Untracked 
| 137|0x0000000622400000, 0x0000000622400000, 0x0000000622800000|  0%| F|  |TAMS 0x0000000622400000| PB 0x0000000622400000| Untracked 
| 138|0x0000000622800000, 0x0000000622c00000, 0x0000000622c00000|100%| O|  |TAMS 0x0000000622c00000| PB 0x0000000622800000| Untracked 
| 139|0x0000000622c00000, 0x0000000623000000, 0x0000000623000000|100%| O|  |TAMS 0x0000000623000000| PB 0x0000000622c00000| Untracked 
| 140|0x0000000623000000, 0x0000000623400000, 0x0000000623400000|100%| O|  |TAMS 0x0000000623400000| PB 0x0000000623000000| Untracked 
| 141|0x0000000623400000, 0x0000000623800000, 0x0000000623800000|100%| O|  |TAMS 0x0000000623800000| PB 0x0000000623400000| Untracked 
| 142|0x0000000623800000, 0x0000000623c00000, 0x0000000623c00000|100%| O|  |TAMS 0x0000000623c00000| PB 0x0000000623800000| Untracked 
| 143|0x0000000623c00000, 0x0000000624000000, 0x0000000624000000|100%| O|  |TAMS 0x0000000624000000| PB 0x0000000623c00000| Untracked 
| 144|0x0000000624000000, 0x0000000624400000, 0x0000000624400000|100%| O|  |TAMS 0x0000000624400000| PB 0x0000000624000000| Untracked 
| 145|0x0000000624400000, 0x0000000624800000, 0x0000000624800000|100%| O|  |TAMS 0x0000000624800000| PB 0x0000000624400000| Untracked 
| 146|0x0000000624800000, 0x0000000624c00000, 0x0000000624c00000|100%| O|  |TAMS 0x0000000624c00000| PB 0x0000000624800000| Untracked 
| 147|0x0000000624c00000, 0x0000000625000000, 0x0000000625000000|100%|HS|  |TAMS 0x0000000625000000| PB 0x0000000624c00000| Complete 
| 148|0x0000000625000000, 0x0000000625400000, 0x0000000625400000|100%|HS|  |TAMS 0x0000000625400000| PB 0x0000000625000000| Complete 
| 149|0x0000000625400000, 0x0000000625800000, 0x0000000625800000|100%| O|  |TAMS 0x0000000625800000| PB 0x0000000625400000| Untracked 
| 150|0x0000000625800000, 0x0000000625c00000, 0x0000000625c00000|100%| O|  |TAMS 0x0000000625c00000| PB 0x0000000625800000| Untracked 
| 151|0x0000000625c00000, 0x0000000626000000, 0x0000000626000000|100%| O|  |TAMS 0x0000000626000000| PB 0x0000000625c00000| Untracked 
| 152|0x0000000626000000, 0x0000000626400000, 0x0000000626400000|100%| O|  |TAMS 0x0000000626400000| PB 0x0000000626000000| Untracked 
| 153|0x0000000626400000, 0x0000000626800000, 0x0000000626800000|100%| O|  |TAMS 0x0000000626800000| PB 0x0000000626400000| Untracked 
| 154|0x0000000626800000, 0x0000000626c00000, 0x0000000626c00000|100%| O|  |TAMS 0x0000000626c00000| PB 0x0000000626800000| Untracked 
| 155|0x0000000626c00000, 0x0000000627000000, 0x0000000627000000|100%| O|  |TAMS 0x0000000627000000| PB 0x0000000626c00000| Untracked 
| 156|0x0000000627000000, 0x0000000627400000, 0x0000000627400000|100%| O|  |TAMS 0x0000000627400000| PB 0x0000000627000000| Untracked 
| 157|0x0000000627400000, 0x0000000627800000, 0x0000000627800000|100%| O|  |TAMS 0x0000000627800000| PB 0x0000000627400000| Untracked 
| 158|0x0000000627800000, 0x0000000627c00000, 0x0000000627c00000|100%| O|  |TAMS 0x0000000627c00000| PB 0x0000000627800000| Untracked 
| 159|0x0000000627c00000, 0x0000000628000000, 0x0000000628000000|100%| O|  |TAMS 0x0000000628000000| PB 0x0000000627c00000| Untracked 
| 160|0x0000000628000000, 0x0000000628000000, 0x0000000628400000|  0%| F|  |TAMS 0x0000000628000000| PB 0x0000000628000000| Untracked 
| 161|0x0000000628400000, 0x0000000628800000, 0x0000000628800000|100%| O|  |TAMS 0x0000000628800000| PB 0x0000000628400000| Untracked 
| 162|0x0000000628800000, 0x0000000628c00000, 0x0000000628c00000|100%| O|  |TAMS 0x0000000628c00000| PB 0x0000000628800000| Untracked 
| 163|0x0000000628c00000, 0x0000000629000000, 0x0000000629000000|100%| O|  |TAMS 0x0000000629000000| PB 0x0000000628c00000| Untracked 
| 164|0x0000000629000000, 0x0000000629400000, 0x0000000629400000|100%| O|  |TAMS 0x0000000629400000| PB 0x0000000629000000| Untracked 
| 165|0x0000000629400000, 0x0000000629800000, 0x0000000629800000|100%| O|  |TAMS 0x0000000629800000| PB 0x0000000629400000| Untracked 
| 166|0x0000000629800000, 0x0000000629c00000, 0x0000000629c00000|100%| O|  |TAMS 0x0000000629c00000| PB 0x0000000629800000| Untracked 
| 167|0x0000000629c00000, 0x000000062a000000, 0x000000062a000000|100%| O|  |TAMS 0x000000062a000000| PB 0x0000000629c00000| Untracked 
| 168|0x000000062a000000, 0x000000062a400000, 0x000000062a400000|100%| O|  |TAMS 0x000000062a400000| PB 0x000000062a000000| Untracked 
| 169|0x000000062a400000, 0x000000062a800000, 0x000000062a800000|100%| O|  |TAMS 0x000000062a800000| PB 0x000000062a400000| Untracked 
| 170|0x000000062a800000, 0x000000062ac00000, 0x000000062ac00000|100%| O|  |TAMS 0x000000062ac00000| PB 0x000000062a800000| Untracked 
| 171|0x000000062ac00000, 0x000000062b000000, 0x000000062b000000|100%| O|  |TAMS 0x000000062b000000| PB 0x000000062ac00000| Untracked 
| 172|0x000000062b000000, 0x000000062b400000, 0x000000062b400000|100%| O|  |TAMS 0x000000062b400000| PB 0x000000062b000000| Untracked 
| 173|0x000000062b400000, 0x000000062b800000, 0x000000062b800000|100%| O|  |TAMS 0x000000062b800000| PB 0x000000062b400000| Untracked 
| 174|0x000000062b800000, 0x000000062bc00000, 0x000000062bc00000|100%| O|  |TAMS 0x000000062bc00000| PB 0x000000062b800000| Untracked 
| 175|0x000000062bc00000, 0x000000062c000000, 0x000000062c000000|100%| O|  |TAMS 0x000000062c000000| PB 0x000000062bc00000| Untracked 
| 176|0x000000062c000000, 0x000000062c400000, 0x000000062c400000|100%| O|  |TAMS 0x000000062c400000| PB 0x000000062c000000| Untracked 
| 177|0x000000062c400000, 0x000000062c800000, 0x000000062c800000|100%| O|  |TAMS 0x000000062c800000| PB 0x000000062c400000| Untracked 
| 178|0x000000062c800000, 0x000000062cc00000, 0x000000062cc00000|100%| O|  |TAMS 0x000000062cc00000| PB 0x000000062c800000| Untracked 
| 179|0x000000062cc00000, 0x000000062d000000, 0x000000062d000000|100%| O|  |TAMS 0x000000062d000000| PB 0x000000062cc00000| Untracked 
| 180|0x000000062d000000, 0x000000062d400000, 0x000000062d400000|100%| O|  |TAMS 0x000000062d400000| PB 0x000000062d000000| Untracked 
| 181|0x000000062d400000, 0x000000062d800000, 0x000000062d800000|100%| O|  |TAMS 0x000000062d800000| PB 0x000000062d400000| Untracked 
| 182|0x000000062d800000, 0x000000062dc00000, 0x000000062dc00000|100%| O|  |TAMS 0x000000062dc00000| PB 0x000000062d800000| Untracked 
| 183|0x000000062dc00000, 0x000000062e000000, 0x000000062e000000|100%| O|  |TAMS 0x000000062e000000| PB 0x000000062dc00000| Untracked 
| 184|0x000000062e000000, 0x000000062e400000, 0x000000062e400000|100%| O|  |TAMS 0x000000062e400000| PB 0x000000062e000000| Untracked 
| 185|0x000000062e400000, 0x000000062e800000, 0x000000062e800000|100%| O|  |TAMS 0x000000062e800000| PB 0x000000062e400000| Untracked 
| 186|0x000000062e800000, 0x000000062ec00000, 0x000000062ec00000|100%| O|  |TAMS 0x000000062ec00000| PB 0x000000062e800000| Untracked 
| 187|0x000000062ec00000, 0x000000062f000000, 0x000000062f000000|100%| O|  |TAMS 0x000000062f000000| PB 0x000000062ec00000| Untracked 
| 188|0x000000062f000000, 0x000000062f400000, 0x000000062f400000|100%| O|  |TAMS 0x000000062f400000| PB 0x000000062f000000| Untracked 
| 189|0x000000062f400000, 0x000000062f800000, 0x000000062f800000|100%| O|  |TAMS 0x000000062f800000| PB 0x000000062f400000| Untracked 
| 190|0x000000062f800000, 0x000000062fc00000, 0x000000062fc00000|100%| O|  |TAMS 0x000000062fc00000| PB 0x000000062f800000| Untracked 
| 191|0x000000062fc00000, 0x0000000630000000, 0x0000000630000000|100%| O|  |TAMS 0x0000000630000000| PB 0x000000062fc00000| Untracked 
| 192|0x0000000630000000, 0x0000000630400000, 0x0000000630400000|100%| O|  |TAMS 0x0000000630400000| PB 0x0000000630000000| Untracked 
| 193|0x0000000630400000, 0x0000000630800000, 0x0000000630800000|100%| O|  |TAMS 0x0000000630800000| PB 0x0000000630400000| Untracked 
| 194|0x0000000630800000, 0x0000000630c00000, 0x0000000630c00000|100%| O|  |TAMS 0x0000000630c00000| PB 0x0000000630800000| Untracked 
| 195|0x0000000630c00000, 0x0000000631000000, 0x0000000631000000|100%| O|  |TAMS 0x0000000631000000| PB 0x0000000630c00000| Untracked 
| 196|0x0000000631000000, 0x0000000631400000, 0x0000000631400000|100%| O|  |TAMS 0x0000000631400000| PB 0x0000000631000000| Untracked 
| 197|0x0000000631400000, 0x0000000631800000, 0x0000000631800000|100%| O|  |TAMS 0x0000000631800000| PB 0x0000000631400000| Untracked 
| 198|0x0000000631800000, 0x0000000631c00000, 0x0000000631c00000|100%| O|  |TAMS 0x0000000631c00000| PB 0x0000000631800000| Untracked 
| 199|0x0000000631c00000, 0x0000000632000000, 0x0000000632000000|100%| O|  |TAMS 0x0000000632000000| PB 0x0000000631c00000| Untracked 
| 200|0x0000000632000000, 0x0000000632400000, 0x0000000632400000|100%| O|  |TAMS 0x0000000632400000| PB 0x0000000632000000| Untracked 
| 201|0x0000000632400000, 0x0000000632800000, 0x0000000632800000|100%| O|  |TAMS 0x0000000632800000| PB 0x0000000632400000| Untracked 
| 202|0x0000000632800000, 0x0000000632c00000, 0x0000000632c00000|100%| O|  |TAMS 0x0000000632c00000| PB 0x0000000632800000| Untracked 
| 203|0x0000000632c00000, 0x0000000633000000, 0x0000000633000000|100%| O|  |TAMS 0x0000000633000000| PB 0x0000000632c00000| Untracked 
| 204|0x0000000633000000, 0x0000000633000000, 0x0000000633400000|  0%| F|  |TAMS 0x0000000633000000| PB 0x0000000633000000| Untracked 
| 205|0x0000000633400000, 0x0000000633400000, 0x0000000633800000|  0%| F|  |TAMS 0x0000000633400000| PB 0x0000000633400000| Untracked 
| 206|0x0000000633800000, 0x0000000633800000, 0x0000000633c00000|  0%| F|  |TAMS 0x0000000633800000| PB 0x0000000633800000| Untracked 
| 207|0x0000000633c00000, 0x0000000633c00000, 0x0000000634000000|  0%| F|  |TAMS 0x0000000633c00000| PB 0x0000000633c00000| Untracked 
| 208|0x0000000634000000, 0x0000000634400000, 0x0000000634400000|100%| O|  |TAMS 0x0000000634400000| PB 0x0000000634000000| Untracked 
| 209|0x0000000634400000, 0x0000000634800000, 0x0000000634800000|100%| O|  |TAMS 0x0000000634800000| PB 0x0000000634400000| Untracked 
| 210|0x0000000634800000, 0x0000000634800000, 0x0000000634c00000|  0%| F|  |TAMS 0x0000000634800000| PB 0x0000000634800000| Untracked 
| 211|0x0000000634c00000, 0x0000000635000000, 0x0000000635000000|100%| O|  |TAMS 0x0000000635000000| PB 0x0000000634c00000| Untracked 
| 212|0x0000000635000000, 0x0000000635000000, 0x0000000635400000|  0%| F|  |TAMS 0x0000000635000000| PB 0x0000000635000000| Untracked 
| 213|0x0000000635400000, 0x0000000635800000, 0x0000000635800000|100%| O|  |TAMS 0x0000000635800000| PB 0x0000000635400000| Untracked 
| 214|0x0000000635800000, 0x0000000635800000, 0x0000000635c00000|  0%| F|  |TAMS 0x0000000635800000| PB 0x0000000635800000| Untracked 
| 215|0x0000000635c00000, 0x0000000635c00000, 0x0000000636000000|  0%| F|  |TAMS 0x0000000635c00000| PB 0x0000000635c00000| Untracked 
| 216|0x0000000636000000, 0x0000000636400000, 0x0000000636400000|100%| O|  |TAMS 0x0000000636400000| PB 0x0000000636000000| Untracked 
| 217|0x0000000636400000, 0x0000000636800000, 0x0000000636800000|100%| O|  |TAMS 0x0000000636800000| PB 0x0000000636400000| Untracked 
| 218|0x0000000636800000, 0x0000000636c00000, 0x0000000636c00000|100%| O|  |TAMS 0x0000000636c00000| PB 0x0000000636800000| Untracked 
| 219|0x0000000636c00000, 0x0000000637000000, 0x0000000637000000|100%| O|  |TAMS 0x0000000637000000| PB 0x0000000636c00000| Untracked 
| 220|0x0000000637000000, 0x0000000637400000, 0x0000000637400000|100%| O|  |TAMS 0x0000000637400000| PB 0x0000000637000000| Untracked 
| 221|0x0000000637400000, 0x0000000637800000, 0x0000000637800000|100%| O|  |TAMS 0x0000000637800000| PB 0x0000000637400000| Untracked 
| 222|0x0000000637800000, 0x0000000637c00000, 0x0000000637c00000|100%| O|  |TAMS 0x0000000637c00000| PB 0x0000000637800000| Untracked 
| 223|0x0000000637c00000, 0x0000000638000000, 0x0000000638000000|100%| O|  |TAMS 0x0000000638000000| PB 0x0000000637c00000| Untracked 
| 224|0x0000000638000000, 0x0000000638400000, 0x0000000638400000|100%| O|  |TAMS 0x0000000638400000| PB 0x0000000638000000| Untracked 
| 225|0x0000000638400000, 0x0000000638800000, 0x0000000638800000|100%| O|  |TAMS 0x0000000638800000| PB 0x0000000638400000| Untracked 
| 226|0x0000000638800000, 0x0000000638c00000, 0x0000000638c00000|100%| O|  |TAMS 0x0000000638c00000| PB 0x0000000638800000| Untracked 
| 227|0x0000000638c00000, 0x0000000639000000, 0x0000000639000000|100%| O|  |TAMS 0x0000000639000000| PB 0x0000000638c00000| Untracked 
| 228|0x0000000639000000, 0x0000000639400000, 0x0000000639400000|100%| O|  |TAMS 0x0000000639400000| PB 0x0000000639000000| Untracked 
| 229|0x0000000639400000, 0x0000000639800000, 0x0000000639800000|100%| O|  |TAMS 0x0000000639800000| PB 0x0000000639400000| Untracked 
| 230|0x0000000639800000, 0x0000000639c00000, 0x0000000639c00000|100%|HS|  |TAMS 0x0000000639c00000| PB 0x0000000639800000| Complete 
| 231|0x0000000639c00000, 0x000000063a000000, 0x000000063a000000|100%|HC|  |TAMS 0x000000063a000000| PB 0x0000000639c00000| Complete 
| 232|0x000000063a000000, 0x000000063a400000, 0x000000063a400000|100%| O|  |TAMS 0x000000063a400000| PB 0x000000063a000000| Untracked 
| 233|0x000000063a400000, 0x000000063a800000, 0x000000063a800000|100%| O|  |TAMS 0x000000063a800000| PB 0x000000063a400000| Untracked 
| 234|0x000000063a800000, 0x000000063ac00000, 0x000000063ac00000|100%| O|  |TAMS 0x000000063ac00000| PB 0x000000063a800000| Untracked 
| 235|0x000000063ac00000, 0x000000063b000000, 0x000000063b000000|100%| O|  |TAMS 0x000000063b000000| PB 0x000000063ac00000| Untracked 
| 236|0x000000063b000000, 0x000000063b400000, 0x000000063b400000|100%| O|  |TAMS 0x000000063b400000| PB 0x000000063b000000| Untracked 
| 237|0x000000063b400000, 0x000000063b800000, 0x000000063b800000|100%| O|  |TAMS 0x000000063b800000| PB 0x000000063b400000| Untracked 
| 238|0x000000063b800000, 0x000000063bc00000, 0x000000063bc00000|100%| O|  |TAMS 0x000000063bc00000| PB 0x000000063b800000| Untracked 
| 239|0x000000063bc00000, 0x000000063c000000, 0x000000063c000000|100%| O|  |TAMS 0x000000063c000000| PB 0x000000063bc00000| Untracked 
| 240|0x000000063c000000, 0x000000063c400000, 0x000000063c400000|100%| O|  |TAMS 0x000000063c400000| PB 0x000000063c000000| Untracked 
| 241|0x000000063c400000, 0x000000063c800000, 0x000000063c800000|100%| O|  |TAMS 0x000000063c800000| PB 0x000000063c400000| Untracked 
| 242|0x000000063c800000, 0x000000063cc00000, 0x000000063cc00000|100%| O|  |TAMS 0x000000063cc00000| PB 0x000000063c800000| Untracked 
| 243|0x000000063cc00000, 0x000000063d000000, 0x000000063d000000|100%| O|  |TAMS 0x000000063d000000| PB 0x000000063cc00000| Untracked 
| 244|0x000000063d000000, 0x000000063d000000, 0x000000063d400000|  0%| F|  |TAMS 0x000000063d000000| PB 0x000000063d000000| Untracked 
| 245|0x000000063d400000, 0x000000063d800000, 0x000000063d800000|100%| O|  |TAMS 0x000000063d800000| PB 0x000000063d400000| Untracked 
| 246|0x000000063d800000, 0x000000063dc00000, 0x000000063dc00000|100%| O|  |TAMS 0x000000063dc00000| PB 0x000000063d800000| Untracked 
| 247|0x000000063dc00000, 0x000000063e000000, 0x000000063e000000|100%| O|  |TAMS 0x000000063e000000| PB 0x000000063dc00000| Untracked 
| 248|0x000000063e000000, 0x000000063e000000, 0x000000063e400000|  0%| F|  |TAMS 0x000000063e000000| PB 0x000000063e000000| Untracked 
| 249|0x000000063e400000, 0x000000063e800000, 0x000000063e800000|100%| O|  |TAMS 0x000000063e800000| PB 0x000000063e400000| Untracked 
| 250|0x000000063e800000, 0x000000063e800000, 0x000000063ec00000|  0%| F|  |TAMS 0x000000063e800000| PB 0x000000063e800000| Untracked 
| 251|0x000000063ec00000, 0x000000063f000000, 0x000000063f000000|100%| O|  |TAMS 0x000000063f000000| PB 0x000000063ec00000| Untracked 
| 252|0x000000063f000000, 0x000000063f400000, 0x000000063f400000|100%| O|  |TAMS 0x000000063f400000| PB 0x000000063f000000| Untracked 
| 253|0x000000063f400000, 0x000000063f800000, 0x000000063f800000|100%| O|  |TAMS 0x000000063f800000| PB 0x000000063f400000| Untracked 
| 254|0x000000063f800000, 0x000000063fc00000, 0x000000063fc00000|100%| O|  |TAMS 0x000000063fc00000| PB 0x000000063f800000| Untracked 
| 255|0x000000063fc00000, 0x000000063fc00000, 0x0000000640000000|  0%| F|  |TAMS 0x000000063fc00000| PB 0x000000063fc00000| Untracked 
| 256|0x0000000640000000, 0x0000000640400000, 0x0000000640400000|100%| O|  |TAMS 0x0000000640400000| PB 0x0000000640000000| Untracked 
| 257|0x0000000640400000, 0x0000000640800000, 0x0000000640800000|100%| O|  |TAMS 0x0000000640800000| PB 0x0000000640400000| Untracked 
| 258|0x0000000640800000, 0x0000000640c00000, 0x0000000640c00000|100%| O|  |TAMS 0x0000000640c00000| PB 0x0000000640800000| Untracked 
| 259|0x0000000640c00000, 0x0000000640c00000, 0x0000000641000000|  0%| F|  |TAMS 0x0000000640c00000| PB 0x0000000640c00000| Untracked 
| 260|0x0000000641000000, 0x0000000641000000, 0x0000000641400000|  0%| F|  |TAMS 0x0000000641000000| PB 0x0000000641000000| Untracked 
| 261|0x0000000641400000, 0x0000000641800000, 0x0000000641800000|100%| O|  |TAMS 0x0000000641800000| PB 0x0000000641400000| Untracked 
| 262|0x0000000641800000, 0x0000000641800000, 0x0000000641c00000|  0%| F|  |TAMS 0x0000000641800000| PB 0x0000000641800000| Untracked 
| 263|0x0000000641c00000, 0x0000000641c00000, 0x0000000642000000|  0%| F|  |TAMS 0x0000000641c00000| PB 0x0000000641c00000| Untracked 
| 264|0x0000000642000000, 0x0000000642400000, 0x0000000642400000|100%| O|  |TAMS 0x0000000642400000| PB 0x0000000642000000| Untracked 
| 265|0x0000000642400000, 0x0000000642400000, 0x0000000642800000|  0%| F|  |TAMS 0x0000000642400000| PB 0x0000000642400000| Untracked 
| 266|0x0000000642800000, 0x0000000642c00000, 0x0000000642c00000|100%| O|  |TAMS 0x0000000642c00000| PB 0x0000000642800000| Untracked 
| 267|0x0000000642c00000, 0x0000000643000000, 0x0000000643000000|100%| O|  |TAMS 0x0000000643000000| PB 0x0000000642c00000| Untracked 
| 268|0x0000000643000000, 0x0000000643400000, 0x0000000643400000|100%| O|  |TAMS 0x0000000643400000| PB 0x0000000643000000| Untracked 
| 269|0x0000000643400000, 0x0000000643800000, 0x0000000643800000|100%| O|  |TAMS 0x0000000643800000| PB 0x0000000643400000| Untracked 
| 270|0x0000000643800000, 0x0000000643800000, 0x0000000643c00000|  0%| F|  |TAMS 0x0000000643800000| PB 0x0000000643800000| Untracked 
| 271|0x0000000643c00000, 0x0000000644000000, 0x0000000644000000|100%| O|  |TAMS 0x0000000644000000| PB 0x0000000643c00000| Untracked 
| 272|0x0000000644000000, 0x0000000644000000, 0x0000000644400000|  0%| F|  |TAMS 0x0000000644000000| PB 0x0000000644000000| Untracked 
| 273|0x0000000644400000, 0x0000000644800000, 0x0000000644800000|100%| O|  |TAMS 0x0000000644800000| PB 0x0000000644400000| Untracked 
| 274|0x0000000644800000, 0x0000000644c00000, 0x0000000644c00000|100%| O|  |TAMS 0x0000000644c00000| PB 0x0000000644800000| Untracked 
| 275|0x0000000644c00000, 0x0000000645000000, 0x0000000645000000|100%| O|  |TAMS 0x0000000645000000| PB 0x0000000644c00000| Untracked 
| 276|0x0000000645000000, 0x0000000645400000, 0x0000000645400000|100%| O|  |TAMS 0x0000000645400000| PB 0x0000000645000000| Untracked 
| 277|0x0000000645400000, 0x0000000645400000, 0x0000000645800000|  0%| F|  |TAMS 0x0000000645400000| PB 0x0000000645400000| Untracked 
| 278|0x0000000645800000, 0x0000000645800000, 0x0000000645c00000|  0%| F|  |TAMS 0x0000000645800000| PB 0x0000000645800000| Untracked 
| 279|0x0000000645c00000, 0x0000000645c00000, 0x0000000646000000|  0%| F|  |TAMS 0x0000000645c00000| PB 0x0000000645c00000| Untracked 
| 280|0x0000000646000000, 0x0000000646400000, 0x0000000646400000|100%| O|  |TAMS 0x0000000646400000| PB 0x0000000646000000| Untracked 
| 281|0x0000000646400000, 0x0000000646400000, 0x0000000646800000|  0%| F|  |TAMS 0x0000000646400000| PB 0x0000000646400000| Untracked 
| 282|0x0000000646800000, 0x0000000646c00000, 0x0000000646c00000|100%| O|  |TAMS 0x0000000646c00000| PB 0x0000000646800000| Untracked 
| 283|0x0000000646c00000, 0x0000000646c00000, 0x0000000647000000|  0%| F|  |TAMS 0x0000000646c00000| PB 0x0000000646c00000| Untracked 
| 284|0x0000000647000000, 0x0000000647000000, 0x0000000647400000|  0%| F|  |TAMS 0x0000000647000000| PB 0x0000000647000000| Untracked 
| 285|0x0000000647400000, 0x0000000647400000, 0x0000000647800000|  0%| F|  |TAMS 0x0000000647400000| PB 0x0000000647400000| Untracked 
| 286|0x0000000647800000, 0x0000000647c00000, 0x0000000647c00000|100%| O|  |TAMS 0x0000000647c00000| PB 0x0000000647800000| Untracked 
| 287|0x0000000647c00000, 0x0000000648000000, 0x0000000648000000|100%| O|  |TAMS 0x0000000648000000| PB 0x0000000647c00000| Untracked 
| 288|0x0000000648000000, 0x0000000648000000, 0x0000000648400000|  0%| F|  |TAMS 0x0000000648000000| PB 0x0000000648000000| Untracked 
| 289|0x0000000648400000, 0x0000000648800000, 0x0000000648800000|100%| O|  |TAMS 0x0000000648800000| PB 0x0000000648400000| Untracked 
| 290|0x0000000648800000, 0x0000000648c00000, 0x0000000648c00000|100%| O|  |TAMS 0x0000000648c00000| PB 0x0000000648800000| Untracked 
| 291|0x0000000648c00000, 0x0000000649000000, 0x0000000649000000|100%| O|  |TAMS 0x0000000649000000| PB 0x0000000648c00000| Untracked 
| 292|0x0000000649000000, 0x0000000649000000, 0x0000000649400000|  0%| F|  |TAMS 0x0000000649000000| PB 0x0000000649000000| Untracked 
| 293|0x0000000649400000, 0x0000000649400000, 0x0000000649800000|  0%| F|  |TAMS 0x0000000649400000| PB 0x0000000649400000| Untracked 
| 294|0x0000000649800000, 0x0000000649c00000, 0x0000000649c00000|100%| O|  |TAMS 0x0000000649c00000| PB 0x0000000649800000| Untracked 
| 295|0x0000000649c00000, 0x000000064a000000, 0x000000064a000000|100%| O|  |TAMS 0x000000064a000000| PB 0x0000000649c00000| Untracked 
| 296|0x000000064a000000, 0x000000064a400000, 0x000000064a400000|100%| O|  |TAMS 0x000000064a400000| PB 0x000000064a000000| Untracked 
| 297|0x000000064a400000, 0x000000064a400000, 0x000000064a800000|  0%| F|  |TAMS 0x000000064a400000| PB 0x000000064a400000| Untracked 
| 298|0x000000064a800000, 0x000000064ac00000, 0x000000064ac00000|100%| O|  |TAMS 0x000000064ac00000| PB 0x000000064a800000| Untracked 
| 299|0x000000064ac00000, 0x000000064b000000, 0x000000064b000000|100%| O|  |TAMS 0x000000064b000000| PB 0x000000064ac00000| Untracked 
| 300|0x000000064b000000, 0x000000064b400000, 0x000000064b400000|100%| O|  |TAMS 0x000000064b400000| PB 0x000000064b000000| Untracked 
| 301|0x000000064b400000, 0x000000064b800000, 0x000000064b800000|100%| O|  |TAMS 0x000000064b800000| PB 0x000000064b400000| Untracked 
| 302|0x000000064b800000, 0x000000064b800000, 0x000000064bc00000|  0%| F|  |TAMS 0x000000064b800000| PB 0x000000064b800000| Untracked 
| 303|0x000000064bc00000, 0x000000064c000000, 0x000000064c000000|100%| O|  |TAMS 0x000000064c000000| PB 0x000000064bc00000| Untracked 
| 304|0x000000064c000000, 0x000000064c000000, 0x000000064c400000|  0%| F|  |TAMS 0x000000064c000000| PB 0x000000064c000000| Untracked 
| 305|0x000000064c400000, 0x000000064c800000, 0x000000064c800000|100%| O|  |TAMS 0x000000064c800000| PB 0x000000064c400000| Untracked 
| 306|0x000000064c800000, 0x000000064c800000, 0x000000064cc00000|  0%| F|  |TAMS 0x000000064c800000| PB 0x000000064c800000| Untracked 
| 307|0x000000064cc00000, 0x000000064cc00000, 0x000000064d000000|  0%| F|  |TAMS 0x000000064cc00000| PB 0x000000064cc00000| Untracked 
| 308|0x000000064d000000, 0x000000064d000000, 0x000000064d400000|  0%| F|  |TAMS 0x000000064d000000| PB 0x000000064d000000| Untracked 
| 309|0x000000064d400000, 0x000000064d400000, 0x000000064d800000|  0%| F|  |TAMS 0x000000064d400000| PB 0x000000064d400000| Untracked 
| 310|0x000000064d800000, 0x000000064dc00000, 0x000000064dc00000|100%| O|  |TAMS 0x000000064dc00000| PB 0x000000064d800000| Untracked 
| 311|0x000000064dc00000, 0x000000064dc00000, 0x000000064e000000|  0%| F|  |TAMS 0x000000064dc00000| PB 0x000000064dc00000| Untracked 
| 312|0x000000064e000000, 0x000000064e400000, 0x000000064e400000|100%| O|  |TAMS 0x000000064e400000| PB 0x000000064e000000| Untracked 
| 313|0x000000064e400000, 0x000000064e800000, 0x000000064e800000|100%|HS|  |TAMS 0x000000064e800000| PB 0x000000064e400000| Complete 
| 314|0x000000064e800000, 0x000000064ec00000, 0x000000064ec00000|100%|HC|  |TAMS 0x000000064ec00000| PB 0x000000064e800000| Complete 
| 315|0x000000064ec00000, 0x000000064ec00000, 0x000000064f000000|  0%| F|  |TAMS 0x000000064ec00000| PB 0x000000064ec00000| Untracked 
| 316|0x000000064f000000, 0x000000064f400000, 0x000000064f400000|100%| O|  |TAMS 0x000000064f400000| PB 0x000000064f000000| Untracked 
| 317|0x000000064f400000, 0x000000064f400000, 0x000000064f800000|  0%| F|  |TAMS 0x000000064f400000| PB 0x000000064f400000| Untracked 
| 318|0x000000064f800000, 0x000000064f800000, 0x000000064fc00000|  0%| F|  |TAMS 0x000000064f800000| PB 0x000000064f800000| Untracked 
| 319|0x000000064fc00000, 0x0000000650000000, 0x0000000650000000|100%| O|  |TAMS 0x0000000650000000| PB 0x000000064fc00000| Untracked 
| 320|0x0000000650000000, 0x0000000650400000, 0x0000000650400000|100%| O|  |TAMS 0x0000000650400000| PB 0x0000000650000000| Untracked 
| 321|0x0000000650400000, 0x0000000650800000, 0x0000000650800000|100%| O|  |TAMS 0x0000000650800000| PB 0x0000000650400000| Untracked 
| 322|0x0000000650800000, 0x0000000650c00000, 0x0000000650c00000|100%| O|  |TAMS 0x0000000650c00000| PB 0x0000000650800000| Untracked 
| 323|0x0000000650c00000, 0x0000000651000000, 0x0000000651000000|100%| O|  |TAMS 0x0000000651000000| PB 0x0000000650c00000| Untracked 
| 324|0x0000000651000000, 0x0000000651000000, 0x0000000651400000|  0%| F|  |TAMS 0x0000000651000000| PB 0x0000000651000000| Untracked 
| 325|0x0000000651400000, 0x0000000651800000, 0x0000000651800000|100%| O|  |TAMS 0x0000000651800000| PB 0x0000000651400000| Untracked 
| 326|0x0000000651800000, 0x0000000651800000, 0x0000000651c00000|  0%| F|  |TAMS 0x0000000651800000| PB 0x0000000651800000| Untracked 
| 327|0x0000000651c00000, 0x0000000651c00000, 0x0000000652000000|  0%| F|  |TAMS 0x0000000651c00000| PB 0x0000000651c00000| Untracked 
| 328|0x0000000652000000, 0x0000000652400000, 0x0000000652400000|100%| O|  |TAMS 0x0000000652400000| PB 0x0000000652000000| Untracked 
| 329|0x0000000652400000, 0x0000000652800000, 0x0000000652800000|100%| O|  |TAMS 0x0000000652800000| PB 0x0000000652400000| Untracked 
| 330|0x0000000652800000, 0x0000000652800000, 0x0000000652c00000|  0%| F|  |TAMS 0x0000000652800000| PB 0x0000000652800000| Untracked 
| 331|0x0000000652c00000, 0x0000000653000000, 0x0000000653000000|100%| O|  |TAMS 0x0000000653000000| PB 0x0000000652c00000| Untracked 
| 332|0x0000000653000000, 0x0000000653400000, 0x0000000653400000|100%| O|  |TAMS 0x0000000653400000| PB 0x0000000653000000| Untracked 
| 333|0x0000000653400000, 0x0000000653800000, 0x0000000653800000|100%| O|  |TAMS 0x0000000653800000| PB 0x0000000653400000| Untracked 
| 334|0x0000000653800000, 0x0000000653800000, 0x0000000653c00000|  0%| F|  |TAMS 0x0000000653800000| PB 0x0000000653800000| Untracked 
| 335|0x0000000653c00000, 0x0000000653c00000, 0x0000000654000000|  0%| F|  |TAMS 0x0000000653c00000| PB 0x0000000653c00000| Untracked 
| 336|0x0000000654000000, 0x0000000654400000, 0x0000000654400000|100%| O|  |TAMS 0x0000000654400000| PB 0x0000000654000000| Untracked 
| 337|0x0000000654400000, 0x0000000654400000, 0x0000000654800000|  0%| F|  |TAMS 0x0000000654400000| PB 0x0000000654400000| Untracked 
| 338|0x0000000654800000, 0x0000000654800000, 0x0000000654c00000|  0%| F|  |TAMS 0x0000000654800000| PB 0x0000000654800000| Untracked 
| 339|0x0000000654c00000, 0x0000000655000000, 0x0000000655000000|100%| O|  |TAMS 0x0000000655000000| PB 0x0000000654c00000| Untracked 
| 340|0x0000000655000000, 0x0000000655000000, 0x0000000655400000|  0%| F|  |TAMS 0x0000000655000000| PB 0x0000000655000000| Untracked 
| 341|0x0000000655400000, 0x0000000655800000, 0x0000000655800000|100%| O|  |TAMS 0x0000000655800000| PB 0x0000000655400000| Untracked 
| 342|0x0000000655800000, 0x0000000655800000, 0x0000000655c00000|  0%| F|  |TAMS 0x0000000655800000| PB 0x0000000655800000| Untracked 
| 343|0x0000000655c00000, 0x0000000655c00000, 0x0000000656000000|  0%| F|  |TAMS 0x0000000655c00000| PB 0x0000000655c00000| Untracked 
| 344|0x0000000656000000, 0x0000000656000000, 0x0000000656400000|  0%| F|  |TAMS 0x0000000656000000| PB 0x0000000656000000| Untracked 
| 345|0x0000000656400000, 0x0000000656400000, 0x0000000656800000|  0%| F|  |TAMS 0x0000000656400000| PB 0x0000000656400000| Untracked 
| 346|0x0000000656800000, 0x0000000656c00000, 0x0000000656c00000|100%| O|  |TAMS 0x0000000656c00000| PB 0x0000000656800000| Untracked 
| 347|0x0000000656c00000, 0x0000000656c00000, 0x0000000657000000|  0%| F|  |TAMS 0x0000000656c00000| PB 0x0000000656c00000| Untracked 
| 348|0x0000000657000000, 0x0000000657400000, 0x0000000657400000|100%| O|  |TAMS 0x0000000657400000| PB 0x0000000657000000| Untracked 
| 349|0x0000000657400000, 0x0000000657800000, 0x0000000657800000|100%| O|  |TAMS 0x0000000657800000| PB 0x0000000657400000| Untracked 
| 350|0x0000000657800000, 0x0000000657c00000, 0x0000000657c00000|100%| O|  |TAMS 0x0000000657c00000| PB 0x0000000657800000| Untracked 
| 351|0x0000000657c00000, 0x0000000657c00000, 0x0000000658000000|  0%| F|  |TAMS 0x0000000657c00000| PB 0x0000000657c00000| Untracked 
| 352|0x0000000658000000, 0x0000000658400000, 0x0000000658400000|100%| O|  |TAMS 0x0000000658400000| PB 0x0000000658000000| Untracked 
| 353|0x0000000658400000, 0x0000000658800000, 0x0000000658800000|100%| O|  |TAMS 0x0000000658800000| PB 0x0000000658400000| Untracked 
| 354|0x0000000658800000, 0x0000000658c00000, 0x0000000658c00000|100%| O|  |TAMS 0x0000000658c00000| PB 0x0000000658800000| Untracked 
| 355|0x0000000658c00000, 0x0000000659000000, 0x0000000659000000|100%| O|  |TAMS 0x0000000659000000| PB 0x0000000658c00000| Untracked 
| 356|0x0000000659000000, 0x0000000659000000, 0x0000000659400000|  0%| F|  |TAMS 0x0000000659000000| PB 0x0000000659000000| Untracked 
| 357|0x0000000659400000, 0x0000000659400000, 0x0000000659800000|  0%| F|  |TAMS 0x0000000659400000| PB 0x0000000659400000| Untracked 
| 358|0x0000000659800000, 0x0000000659c00000, 0x0000000659c00000|100%| O|  |TAMS 0x0000000659c00000| PB 0x0000000659800000| Untracked 
| 359|0x0000000659c00000, 0x0000000659c00000, 0x000000065a000000|  0%| F|  |TAMS 0x0000000659c00000| PB 0x0000000659c00000| Untracked 
| 360|0x000000065a000000, 0x000000065a000000, 0x000000065a400000|  0%| F|  |TAMS 0x000000065a000000| PB 0x000000065a000000| Untracked 
| 361|0x000000065a400000, 0x000000065a800000, 0x000000065a800000|100%| O|  |TAMS 0x000000065a800000| PB 0x000000065a400000| Untracked 
| 362|0x000000065a800000, 0x000000065a800000, 0x000000065ac00000|  0%| F|  |TAMS 0x000000065a800000| PB 0x000000065a800000| Untracked 
| 363|0x000000065ac00000, 0x000000065ac00000, 0x000000065b000000|  0%| F|  |TAMS 0x000000065ac00000| PB 0x000000065ac00000| Untracked 
| 364|0x000000065b000000, 0x000000065b000000, 0x000000065b400000|  0%| F|  |TAMS 0x000000065b000000| PB 0x000000065b000000| Untracked 
| 365|0x000000065b400000, 0x000000065b400000, 0x000000065b800000|  0%| F|  |TAMS 0x000000065b400000| PB 0x000000065b400000| Untracked 
| 366|0x000000065b800000, 0x000000065b800000, 0x000000065bc00000|  0%| F|  |TAMS 0x000000065b800000| PB 0x000000065b800000| Untracked 
| 367|0x000000065bc00000, 0x000000065be00000, 0x000000065c000000| 50%| E|CS|TAMS 0x000000065bc00000| PB 0x000000065bc00000| Complete 
| 368|0x000000065c000000, 0x000000065c400000, 0x000000065c400000|100%| E|CS|TAMS 0x000000065c000000| PB 0x000000065c000000| Complete 
| 369|0x000000065c400000, 0x000000065c800000, 0x000000065c800000|100%| O|  |TAMS 0x000000065c800000| PB 0x000000065c400000| Untracked 
| 370|0x000000065c800000, 0x000000065cc00000, 0x000000065cc00000|100%| O|  |TAMS 0x000000065cc00000| PB 0x000000065c800000| Untracked 
| 371|0x000000065cc00000, 0x000000065cc00000, 0x000000065d000000|  0%| F|  |TAMS 0x000000065cc00000| PB 0x000000065cc00000| Untracked 
| 372|0x000000065d000000, 0x000000065d000000, 0x000000065d400000|  0%| F|  |TAMS 0x000000065d000000| PB 0x000000065d000000| Untracked 
| 373|0x000000065d400000, 0x000000065d800000, 0x000000065d800000|100%| E|CS|TAMS 0x000000065d400000| PB 0x000000065d400000| Complete 
| 374|0x000000065d800000, 0x000000065dc00000, 0x000000065dc00000|100%| E|CS|TAMS 0x000000065d800000| PB 0x000000065d800000| Complete 
| 375|0x000000065dc00000, 0x000000065e000000, 0x000000065e000000|100%| O|  |TAMS 0x000000065e000000| PB 0x000000065dc00000| Untracked 
| 376|0x000000065e000000, 0x000000065e400000, 0x000000065e400000|100%| O|  |TAMS 0x000000065e400000| PB 0x000000065e000000| Untracked 
| 377|0x000000065e400000, 0x000000065e400000, 0x000000065e800000|  0%| F|  |TAMS 0x000000065e400000| PB 0x000000065e400000| Untracked 
| 378|0x000000065e800000, 0x000000065ec00000, 0x000000065ec00000|100%| O|  |TAMS 0x000000065ec00000| PB 0x000000065e800000| Untracked 
| 379|0x000000065ec00000, 0x000000065ec00000, 0x000000065f000000|  0%| F|  |TAMS 0x000000065ec00000| PB 0x000000065ec00000| Untracked 
| 380|0x000000065f000000, 0x000000065f400000, 0x000000065f400000|100%| E|CS|TAMS 0x000000065f000000| PB 0x000000065f000000| Complete 
| 381|0x000000065f400000, 0x000000065f400000, 0x000000065f800000|  0%| F|  |TAMS 0x000000065f400000| PB 0x000000065f400000| Untracked 
| 382|0x000000065f800000, 0x000000065fc00000, 0x000000065fc00000|100%| O|  |TAMS 0x000000065fc00000| PB 0x000000065f800000| Untracked 
| 383|0x000000065fc00000, 0x000000065fe00000, 0x0000000660000000| 50%| S|  |TAMS 0x000000065fc00000| PB 0x000000065fc00000| Complete 
| 384|0x0000000660000000, 0x0000000660400000, 0x0000000660400000|100%| S|  |TAMS 0x0000000660000000| PB 0x0000000660000000| Complete 
| 385|0x0000000660400000, 0x0000000660800000, 0x0000000660800000|100%| S|  |TAMS 0x0000000660400000| PB 0x0000000660400000| Complete 
| 386|0x0000000660800000, 0x0000000660c00000, 0x0000000660c00000|100%| S|  |TAMS 0x0000000660800000| PB 0x0000000660800000| Complete 
| 387|0x0000000660c00000, 0x0000000661000000, 0x0000000661000000|100%| O|  |TAMS 0x0000000661000000| PB 0x0000000660c00000| Untracked 
| 388|0x0000000661000000, 0x0000000661400000, 0x0000000661400000|100%| E|CS|TAMS 0x0000000661000000| PB 0x0000000661000000| Complete 
| 389|0x0000000661400000, 0x0000000661800000, 0x0000000661800000|100%| E|CS|TAMS 0x0000000661400000| PB 0x0000000661400000| Complete 
| 390|0x0000000661800000, 0x0000000661c00000, 0x0000000661c00000|100%| E|CS|TAMS 0x0000000661800000| PB 0x0000000661800000| Complete 
| 391|0x0000000661c00000, 0x0000000662000000, 0x0000000662000000|100%| E|CS|TAMS 0x0000000661c00000| PB 0x0000000661c00000| Complete 
| 392|0x0000000662000000, 0x0000000662400000, 0x0000000662400000|100%| E|CS|TAMS 0x0000000662000000| PB 0x0000000662000000| Complete 
| 393|0x0000000662400000, 0x0000000662800000, 0x0000000662800000|100%| E|CS|TAMS 0x0000000662400000| PB 0x0000000662400000| Complete 
| 394|0x0000000662800000, 0x0000000662c00000, 0x0000000662c00000|100%| E|CS|TAMS 0x0000000662800000| PB 0x0000000662800000| Complete 
| 395|0x0000000662c00000, 0x0000000663000000, 0x0000000663000000|100%| O|  |TAMS 0x0000000663000000| PB 0x0000000662c00000| Untracked 
| 396|0x0000000663000000, 0x0000000663400000, 0x0000000663400000|100%| S|  |TAMS 0x0000000663000000| PB 0x0000000663000000| Complete 
| 397|0x0000000663400000, 0x0000000663800000, 0x0000000663800000|100%| O|  |TAMS 0x0000000663800000| PB 0x0000000663400000| Untracked 
| 398|0x0000000663800000, 0x0000000663c00000, 0x0000000663c00000|100%| O|  |TAMS 0x0000000663c00000| PB 0x0000000663800000| Untracked 
| 399|0x0000000663c00000, 0x0000000664000000, 0x0000000664000000|100%| O|  |TAMS 0x0000000664000000| PB 0x0000000663c00000| Untracked 
| 400|0x0000000664000000, 0x0000000664400000, 0x0000000664400000|100%| O|  |TAMS 0x0000000664400000| PB 0x0000000664000000| Untracked 
| 401|0x0000000664400000, 0x0000000664800000, 0x0000000664800000|100%| O|  |TAMS 0x0000000664800000| PB 0x0000000664400000| Untracked 
| 402|0x0000000664800000, 0x0000000664c00000, 0x0000000664c00000|100%| O|  |TAMS 0x0000000664c00000| PB 0x0000000664800000| Untracked 
| 403|0x0000000664c00000, 0x0000000665000000, 0x0000000665000000|100%| O|  |TAMS 0x0000000665000000| PB 0x0000000664c00000| Untracked 
| 404|0x0000000665000000, 0x0000000665400000, 0x0000000665400000|100%| S|  |TAMS 0x0000000665000000| PB 0x0000000665000000| Complete 
| 405|0x0000000665400000, 0x0000000665800000, 0x0000000665800000|100%| O|  |TAMS 0x0000000665800000| PB 0x0000000665400000| Untracked 
| 406|0x0000000665800000, 0x0000000665c00000, 0x0000000665c00000|100%| O|  |TAMS 0x0000000665c00000| PB 0x0000000665800000| Untracked 
| 407|0x0000000665c00000, 0x0000000666000000, 0x0000000666000000|100%| O|  |TAMS 0x0000000666000000| PB 0x0000000665c00000| Untracked 
| 408|0x0000000666000000, 0x0000000666400000, 0x0000000666400000|100%| S|  |TAMS 0x0000000666000000| PB 0x0000000666000000| Complete 
| 409|0x0000000666400000, 0x0000000666800000, 0x0000000666800000|100%| S|  |TAMS 0x0000000666400000| PB 0x0000000666400000| Complete 
| 410|0x0000000666800000, 0x0000000666c00000, 0x0000000666c00000|100%| O|  |TAMS 0x0000000666c00000| PB 0x0000000666800000| Untracked 
| 411|0x0000000666c00000, 0x0000000667000000, 0x0000000667000000|100%| S|  |TAMS 0x0000000666c00000| PB 0x0000000666c00000| Complete 
| 412|0x0000000667000000, 0x0000000667400000, 0x0000000667400000|100%| E|CS|TAMS 0x0000000667000000| PB 0x0000000667000000| Complete 
| 413|0x0000000667400000, 0x0000000667800000, 0x0000000667800000|100%| S|  |TAMS 0x0000000667400000| PB 0x0000000667400000| Complete 
| 414|0x0000000667800000, 0x0000000667c00000, 0x0000000667c00000|100%| E|CS|TAMS 0x0000000667800000| PB 0x0000000667800000| Complete 
| 415|0x0000000667c00000, 0x0000000668000000, 0x0000000668000000|100%| E|CS|TAMS 0x0000000667c00000| PB 0x0000000667c00000| Complete 
| 416|0x0000000668000000, 0x0000000668400000, 0x0000000668400000|100%| E|CS|TAMS 0x0000000668000000| PB 0x0000000668000000| Complete 
| 417|0x0000000668400000, 0x0000000668800000, 0x0000000668800000|100%| E|CS|TAMS 0x0000000668400000| PB 0x0000000668400000| Complete 
| 418|0x0000000668800000, 0x0000000668c00000, 0x0000000668c00000|100%| E|CS|TAMS 0x0000000668800000| PB 0x0000000668800000| Complete 
| 419|0x0000000668c00000, 0x0000000669000000, 0x0000000669000000|100%| E|CS|TAMS 0x0000000668c00000| PB 0x0000000668c00000| Complete 
| 420|0x0000000669000000, 0x0000000669400000, 0x0000000669400000|100%| E|CS|TAMS 0x0000000669000000| PB 0x0000000669000000| Complete 
| 421|0x0000000669400000, 0x0000000669800000, 0x0000000669800000|100%| E|CS|TAMS 0x0000000669400000| PB 0x0000000669400000| Complete 
| 422|0x0000000669800000, 0x0000000669c00000, 0x0000000669c00000|100%| E|CS|TAMS 0x0000000669800000| PB 0x0000000669800000| Complete 
| 423|0x0000000669c00000, 0x000000066a000000, 0x000000066a000000|100%| E|CS|TAMS 0x0000000669c00000| PB 0x0000000669c00000| Complete 
| 424|0x000000066a000000, 0x000000066a400000, 0x000000066a400000|100%| E|CS|TAMS 0x000000066a000000| PB 0x000000066a000000| Complete 
| 425|0x000000066a400000, 0x000000066a800000, 0x000000066a800000|100%| E|CS|TAMS 0x000000066a400000| PB 0x000000066a400000| Complete 
| 426|0x000000066a800000, 0x000000066ac00000, 0x000000066ac00000|100%| S|  |TAMS 0x000000066a800000| PB 0x000000066a800000| Complete 
| 427|0x000000066ac00000, 0x000000066b000000, 0x000000066b000000|100%| S|  |TAMS 0x000000066ac00000| PB 0x000000066ac00000| Complete 
| 428|0x000000066b000000, 0x000000066b400000, 0x000000066b400000|100%| O|  |TAMS 0x000000066b400000| PB 0x000000066b000000| Untracked 
| 429|0x000000066b400000, 0x000000066b800000, 0x000000066b800000|100%| E|CS|TAMS 0x000000066b400000| PB 0x000000066b400000| Complete 
| 430|0x000000066b800000, 0x000000066bc00000, 0x000000066bc00000|100%| S|  |TAMS 0x000000066b800000| PB 0x000000066b800000| Complete 
| 431|0x000000066bc00000, 0x000000066c000000, 0x000000066c000000|100%| O|  |TAMS 0x000000066c000000| PB 0x000000066bc00000| Untracked 
| 432|0x000000066c000000, 0x000000066c400000, 0x000000066c400000|100%| O|  |TAMS 0x000000066c400000| PB 0x000000066c000000| Untracked 
| 433|0x000000066c400000, 0x000000066c800000, 0x000000066c800000|100%| O|  |TAMS 0x000000066c800000| PB 0x000000066c400000| Untracked 
| 434|0x000000066c800000, 0x000000066cc00000, 0x000000066cc00000|100%| S|  |TAMS 0x000000066c800000| PB 0x000000066c800000| Complete 
| 435|0x000000066cc00000, 0x000000066d000000, 0x000000066d000000|100%| S|  |TAMS 0x000000066cc00000| PB 0x000000066cc00000| Complete 
| 436|0x000000066d000000, 0x000000066d400000, 0x000000066d400000|100%| S|  |TAMS 0x000000066d000000| PB 0x000000066d000000| Complete 
| 437|0x000000066d400000, 0x000000066d800000, 0x000000066d800000|100%| O|  |TAMS 0x000000066d800000| PB 0x000000066d400000| Untracked 
| 438|0x000000066d800000, 0x000000066dc00000, 0x000000066dc00000|100%| S|  |TAMS 0x000000066d800000| PB 0x000000066d800000| Complete 
| 439|0x000000066dc00000, 0x000000066e000000, 0x000000066e000000|100%| E|CS|TAMS 0x000000066dc00000| PB 0x000000066dc00000| Complete 
| 440|0x000000066e000000, 0x000000066e400000, 0x000000066e400000|100%| S|  |TAMS 0x000000066e000000| PB 0x000000066e000000| Complete 
| 441|0x000000066e400000, 0x000000066e800000, 0x000000066e800000|100%| E|CS|TAMS 0x000000066e400000| PB 0x000000066e400000| Complete 
| 442|0x000000066e800000, 0x000000066ec00000, 0x000000066ec00000|100%| E|CS|TAMS 0x000000066e800000| PB 0x000000066e800000| Complete 
| 443|0x000000066ec00000, 0x000000066f000000, 0x000000066f000000|100%| E|CS|TAMS 0x000000066ec00000| PB 0x000000066ec00000| Complete 
| 444|0x000000066f000000, 0x000000066f400000, 0x000000066f400000|100%| O|  |TAMS 0x000000066f400000| PB 0x000000066f000000| Untracked 
| 445|0x000000066f400000, 0x000000066f800000, 0x000000066f800000|100%|HS|  |TAMS 0x000000066f800000| PB 0x000000066f400000| Complete 
| 446|0x000000066f800000, 0x000000066fc00000, 0x000000066fc00000|100%|HS|  |TAMS 0x000000066fc00000| PB 0x000000066f800000| Complete 
| 447|0x000000066fc00000, 0x0000000670000000, 0x0000000670000000|100%| O|  |TAMS 0x0000000670000000| PB 0x000000066fc00000| Untracked 
| 448|0x0000000670000000, 0x0000000670400000, 0x0000000670400000|100%| O|  |TAMS 0x0000000670400000| PB 0x0000000670000000| Untracked 
| 449|0x0000000670400000, 0x0000000670800000, 0x0000000670800000|100%| O|  |TAMS 0x0000000670800000| PB 0x0000000670400000| Untracked 
| 450|0x0000000670800000, 0x0000000670c00000, 0x0000000670c00000|100%| O|  |TAMS 0x0000000670c00000| PB 0x0000000670800000| Untracked 
| 451|0x0000000670c00000, 0x0000000671000000, 0x0000000671000000|100%| O|  |TAMS 0x0000000671000000| PB 0x0000000670c00000| Untracked 
| 452|0x0000000671000000, 0x0000000671400000, 0x0000000671400000|100%| S|  |TAMS 0x0000000671000000| PB 0x0000000671000000| Complete 
| 453|0x0000000671400000, 0x0000000671800000, 0x0000000671800000|100%| S|  |TAMS 0x0000000671400000| PB 0x0000000671400000| Complete 
| 454|0x0000000671800000, 0x0000000671c00000, 0x0000000671c00000|100%| E|CS|TAMS 0x0000000671800000| PB 0x0000000671800000| Complete 
| 455|0x0000000671c00000, 0x0000000672000000, 0x0000000672000000|100%| O|  |TAMS 0x0000000672000000| PB 0x0000000671c00000| Untracked 
| 456|0x0000000672000000, 0x0000000672400000, 0x0000000672400000|100%| O|  |TAMS 0x0000000672400000| PB 0x0000000672000000| Untracked 
| 457|0x0000000672400000, 0x0000000672800000, 0x0000000672800000|100%| E|CS|TAMS 0x0000000672400000| PB 0x0000000672400000| Complete 
| 458|0x0000000672800000, 0x0000000672c00000, 0x0000000672c00000|100%| S|  |TAMS 0x0000000672800000| PB 0x0000000672800000| Complete 
| 459|0x0000000672c00000, 0x0000000673000000, 0x0000000673000000|100%| S|  |TAMS 0x0000000672c00000| PB 0x0000000672c00000| Complete 
| 460|0x0000000673000000, 0x0000000673400000, 0x0000000673400000|100%| S|  |TAMS 0x0000000673000000| PB 0x0000000673000000| Complete 
| 461|0x0000000673400000, 0x0000000673800000, 0x0000000673800000|100%| S|  |TAMS 0x0000000673400000| PB 0x0000000673400000| Complete 
| 462|0x0000000673800000, 0x0000000673c00000, 0x0000000673c00000|100%| S|  |TAMS 0x0000000673800000| PB 0x0000000673800000| Complete 
| 463|0x0000000673c00000, 0x0000000674000000, 0x0000000674000000|100%| S|  |TAMS 0x0000000673c00000| PB 0x0000000673c00000| Complete 
| 464|0x0000000674000000, 0x0000000674400000, 0x0000000674400000|100%| S|  |TAMS 0x0000000674000000| PB 0x0000000674000000| Complete 
| 465|0x0000000674400000, 0x0000000674800000, 0x0000000674800000|100%| E|CS|TAMS 0x0000000674400000| PB 0x0000000674400000| Complete 
| 466|0x0000000674800000, 0x0000000674c00000, 0x0000000674c00000|100%| S|  |TAMS 0x0000000674800000| PB 0x0000000674800000| Complete 
| 467|0x0000000674c00000, 0x0000000675000000, 0x0000000675000000|100%| S|  |TAMS 0x0000000674c00000| PB 0x0000000674c00000| Complete 
| 468|0x0000000675000000, 0x0000000675400000, 0x0000000675400000|100%| S|  |TAMS 0x0000000675000000| PB 0x0000000675000000| Complete 
| 469|0x0000000675400000, 0x0000000675800000, 0x0000000675800000|100%| S|  |TAMS 0x0000000675400000| PB 0x0000000675400000| Complete 
| 470|0x0000000675800000, 0x0000000675c00000, 0x0000000675c00000|100%| S|  |TAMS 0x0000000675800000| PB 0x0000000675800000| Complete 
| 471|0x0000000675c00000, 0x0000000676000000, 0x0000000676000000|100%| S|  |TAMS 0x0000000675c00000| PB 0x0000000675c00000| Complete 
| 472|0x0000000676000000, 0x0000000676400000, 0x0000000676400000|100%| E|CS|TAMS 0x0000000676000000| PB 0x0000000676000000| Complete 
| 473|0x0000000676400000, 0x0000000676800000, 0x0000000676800000|100%| E|CS|TAMS 0x0000000676400000| PB 0x0000000676400000| Complete 
| 474|0x0000000676800000, 0x0000000676c00000, 0x0000000676c00000|100%|HS|  |TAMS 0x0000000676c00000| PB 0x0000000676800000| Complete 
| 475|0x0000000676c00000, 0x0000000677000000, 0x0000000677000000|100%| O|  |TAMS 0x0000000677000000| PB 0x0000000676c00000| Untracked 
| 476|0x0000000677000000, 0x0000000677400000, 0x0000000677400000|100%| O|  |TAMS 0x0000000677400000| PB 0x0000000677000000| Untracked 
| 477|0x0000000677400000, 0x0000000677800000, 0x0000000677800000|100%| S|  |TAMS 0x0000000677400000| PB 0x0000000677400000| Complete 
| 478|0x0000000677800000, 0x0000000677c00000, 0x0000000677c00000|100%| S|  |TAMS 0x0000000677800000| PB 0x0000000677800000| Complete 
| 479|0x0000000677c00000, 0x0000000678000000, 0x0000000678000000|100%| E|CS|TAMS 0x0000000677c00000| PB 0x0000000677c00000| Complete 
| 480|0x0000000678000000, 0x0000000678400000, 0x0000000678400000|100%| E|CS|TAMS 0x0000000678000000| PB 0x0000000678000000| Complete 
| 481|0x0000000678400000, 0x0000000678800000, 0x0000000678800000|100%| O|  |TAMS 0x0000000678800000| PB 0x0000000678400000| Untracked 
| 482|0x0000000678800000, 0x0000000678c00000, 0x0000000678c00000|100%| O|  |TAMS 0x0000000678c00000| PB 0x0000000678800000| Untracked 
| 483|0x0000000678c00000, 0x0000000679000000, 0x0000000679000000|100%| O|  |TAMS 0x0000000679000000| PB 0x0000000678c00000| Untracked 
| 484|0x0000000679000000, 0x0000000679400000, 0x0000000679400000|100%| O|  |TAMS 0x0000000679400000| PB 0x0000000679000000| Untracked 
| 485|0x0000000679400000, 0x0000000679800000, 0x0000000679800000|100%| O|  |TAMS 0x0000000679800000| PB 0x0000000679400000| Untracked 
| 486|0x0000000679800000, 0x0000000679c00000, 0x0000000679c00000|100%| S|  |TAMS 0x0000000679800000| PB 0x0000000679800000| Complete 
| 487|0x0000000679c00000, 0x000000067a000000, 0x000000067a000000|100%| O|  |TAMS 0x000000067a000000| PB 0x0000000679c00000| Untracked 
| 488|0x000000067a000000, 0x000000067a400000, 0x000000067a400000|100%| S|  |TAMS 0x000000067a000000| PB 0x000000067a000000| Complete 
| 489|0x000000067a400000, 0x000000067a800000, 0x000000067a800000|100%| S|  |TAMS 0x000000067a400000| PB 0x000000067a400000| Complete 
| 490|0x000000067a800000, 0x000000067ac00000, 0x000000067ac00000|100%| O|  |TAMS 0x000000067ac00000| PB 0x000000067a800000| Untracked 
| 491|0x000000067ac00000, 0x000000067b000000, 0x000000067b000000|100%| O|  |TAMS 0x000000067b000000| PB 0x000000067ac00000| Untracked 
| 492|0x000000067b000000, 0x000000067b400000, 0x000000067b400000|100%| O|  |TAMS 0x000000067b400000| PB 0x000000067b000000| Untracked 
| 493|0x000000067b400000, 0x000000067b800000, 0x000000067b800000|100%| S|  |TAMS 0x000000067b400000| PB 0x000000067b400000| Complete 
| 494|0x000000067b800000, 0x000000067bc00000, 0x000000067bc00000|100%| O|  |TAMS 0x000000067bc00000| PB 0x000000067b800000| Untracked 
| 495|0x000000067bc00000, 0x000000067c000000, 0x000000067c000000|100%| O|  |TAMS 0x000000067c000000| PB 0x000000067bc00000| Untracked 
| 496|0x000000067c000000, 0x000000067c400000, 0x000000067c400000|100%| O|  |TAMS 0x000000067c400000| PB 0x000000067c000000| Untracked 
| 497|0x000000067c400000, 0x000000067c800000, 0x000000067c800000|100%| O|  |TAMS 0x000000067c800000| PB 0x000000067c400000| Untracked 
| 498|0x000000067c800000, 0x000000067cc00000, 0x000000067cc00000|100%| O|  |TAMS 0x000000067cc00000| PB 0x000000067c800000| Untracked 
| 499|0x000000067cc00000, 0x000000067d000000, 0x000000067d000000|100%| O|  |TAMS 0x000000067d000000| PB 0x000000067cc00000| Untracked 
| 500|0x000000067d000000, 0x000000067d400000, 0x000000067d400000|100%| O|  |TAMS 0x000000067d400000| PB 0x000000067d000000| Untracked 
| 501|0x000000067d400000, 0x000000067d800000, 0x000000067d800000|100%| O|  |TAMS 0x000000067d800000| PB 0x000000067d400000| Untracked 
| 502|0x000000067d800000, 0x000000067dc00000, 0x000000067dc00000|100%| O|  |TAMS 0x000000067dc00000| PB 0x000000067d800000| Untracked 
| 503|0x000000067dc00000, 0x000000067e000000, 0x000000067e000000|100%| O|  |TAMS 0x000000067e000000| PB 0x000000067dc00000| Untracked 
| 504|0x000000067e000000, 0x000000067e400000, 0x000000067e400000|100%| O|  |TAMS 0x000000067e400000| PB 0x000000067e000000| Untracked 
| 505|0x000000067e400000, 0x000000067e800000, 0x000000067e800000|100%| S|  |TAMS 0x000000067e400000| PB 0x000000067e400000| Complete 
| 506|0x000000067e800000, 0x000000067ec00000, 0x000000067ec00000|100%| S|  |TAMS 0x000000067e800000| PB 0x000000067e800000| Complete 
| 507|0x000000067ec00000, 0x000000067f000000, 0x000000067f000000|100%| S|  |TAMS 0x000000067ec00000| PB 0x000000067ec00000| Complete 
| 508|0x000000067f000000, 0x000000067f400000, 0x000000067f400000|100%| S|  |TAMS 0x000000067f000000| PB 0x000000067f000000| Complete 
| 509|0x000000067f400000, 0x000000067f800000, 0x000000067f800000|100%| S|  |TAMS 0x000000067f400000| PB 0x000000067f400000| Complete 
| 510|0x000000067f800000, 0x000000067fc00000, 0x000000067fc00000|100%| S|  |TAMS 0x000000067f800000| PB 0x000000067f800000| Complete 
| 511|0x000000067fc00000, 0x0000000680000000, 0x0000000680000000|100%| O|  |TAMS 0x0000000680000000| PB 0x000000067fc00000| Untracked 
| 512|0x0000000680000000, 0x0000000680400000, 0x0000000680400000|100%| O|  |TAMS 0x0000000680400000| PB 0x0000000680000000| Untracked 
| 513|0x0000000680400000, 0x0000000680800000, 0x0000000680800000|100%| O|  |TAMS 0x0000000680800000| PB 0x0000000680400000| Untracked 
| 514|0x0000000680800000, 0x0000000680c00000, 0x0000000680c00000|100%| O|  |TAMS 0x0000000680c00000| PB 0x0000000680800000| Untracked 
| 515|0x0000000680c00000, 0x0000000681000000, 0x0000000681000000|100%| O|  |TAMS 0x0000000681000000| PB 0x0000000680c00000| Untracked 
| 516|0x0000000681000000, 0x0000000681400000, 0x0000000681400000|100%| S|  |TAMS 0x0000000681000000| PB 0x0000000681000000| Complete 
| 517|0x0000000681400000, 0x0000000681800000, 0x0000000681800000|100%| S|  |TAMS 0x0000000681400000| PB 0x0000000681400000| Complete 
| 518|0x0000000681800000, 0x0000000681c00000, 0x0000000681c00000|100%| S|  |TAMS 0x0000000681800000| PB 0x0000000681800000| Complete 
| 519|0x0000000681c00000, 0x0000000682000000, 0x0000000682000000|100%| S|  |TAMS 0x0000000681c00000| PB 0x0000000681c00000| Complete 
| 520|0x0000000682000000, 0x0000000682400000, 0x0000000682400000|100%| S|  |TAMS 0x0000000682000000| PB 0x0000000682000000| Complete 
| 521|0x0000000682400000, 0x0000000682800000, 0x0000000682800000|100%| O|  |TAMS 0x0000000682800000| PB 0x0000000682400000| Untracked 
| 522|0x0000000682800000, 0x0000000682c00000, 0x0000000682c00000|100%| O|  |TAMS 0x0000000682c00000| PB 0x0000000682800000| Untracked 
| 523|0x0000000682c00000, 0x0000000683000000, 0x0000000683000000|100%| O|  |TAMS 0x0000000683000000| PB 0x0000000682c00000| Untracked 
| 524|0x0000000683000000, 0x0000000683400000, 0x0000000683400000|100%| O|  |TAMS 0x0000000683400000| PB 0x0000000683000000| Untracked 
| 525|0x0000000683400000, 0x0000000683800000, 0x0000000683800000|100%| O|  |TAMS 0x0000000683800000| PB 0x0000000683400000| Untracked 
| 526|0x0000000683800000, 0x0000000683c00000, 0x0000000683c00000|100%| O|  |TAMS 0x0000000683c00000| PB 0x0000000683800000| Untracked 
| 527|0x0000000683c00000, 0x0000000684000000, 0x0000000684000000|100%| O|  |TAMS 0x0000000684000000| PB 0x0000000683c00000| Untracked 
| 528|0x0000000684000000, 0x0000000684400000, 0x0000000684400000|100%| O|  |TAMS 0x0000000684400000| PB 0x0000000684000000| Untracked 
| 529|0x0000000684400000, 0x0000000684800000, 0x0000000684800000|100%| O|  |TAMS 0x0000000684800000| PB 0x0000000684400000| Untracked 
| 530|0x0000000684800000, 0x0000000684c00000, 0x0000000684c00000|100%| O|  |TAMS 0x0000000684c00000| PB 0x0000000684800000| Untracked 
| 531|0x0000000684c00000, 0x0000000685000000, 0x0000000685000000|100%| O|  |TAMS 0x0000000685000000| PB 0x0000000684c00000| Untracked 
| 532|0x0000000685000000, 0x0000000685400000, 0x0000000685400000|100%| O|  |TAMS 0x0000000685400000| PB 0x0000000685000000| Untracked 
| 533|0x0000000685400000, 0x0000000685800000, 0x0000000685800000|100%| O|  |TAMS 0x0000000685800000| PB 0x0000000685400000| Untracked 
| 534|0x0000000685800000, 0x0000000685c00000, 0x0000000685c00000|100%| O|  |TAMS 0x0000000685c00000| PB 0x0000000685800000| Untracked 
| 535|0x0000000685c00000, 0x0000000686000000, 0x0000000686000000|100%| O|  |TAMS 0x0000000686000000| PB 0x0000000685c00000| Untracked 
| 536|0x0000000686000000, 0x0000000686400000, 0x0000000686400000|100%| O|  |TAMS 0x0000000686400000| PB 0x0000000686000000| Untracked 
| 537|0x0000000686400000, 0x0000000686800000, 0x0000000686800000|100%| O|  |TAMS 0x0000000686800000| PB 0x0000000686400000| Untracked 
| 538|0x0000000686800000, 0x0000000686c00000, 0x0000000686c00000|100%| O|  |TAMS 0x0000000686c00000| PB 0x0000000686800000| Untracked 
| 539|0x0000000686c00000, 0x0000000687000000, 0x0000000687000000|100%| O|  |TAMS 0x0000000687000000| PB 0x0000000686c00000| Untracked 
| 540|0x0000000687000000, 0x0000000687400000, 0x0000000687400000|100%| O|  |TAMS 0x0000000687400000| PB 0x0000000687000000| Untracked 
| 541|0x0000000687400000, 0x0000000687800000, 0x0000000687800000|100%| O|  |TAMS 0x0000000687800000| PB 0x0000000687400000| Untracked 
| 542|0x0000000687800000, 0x0000000687c00000, 0x0000000687c00000|100%| O|  |TAMS 0x0000000687c00000| PB 0x0000000687800000| Untracked 
| 543|0x0000000687c00000, 0x0000000688000000, 0x0000000688000000|100%| O|  |TAMS 0x0000000688000000| PB 0x0000000687c00000| Untracked 
| 544|0x0000000688000000, 0x0000000688400000, 0x0000000688400000|100%| O|  |TAMS 0x0000000688400000| PB 0x0000000688000000| Untracked 
| 545|0x0000000688400000, 0x0000000688800000, 0x0000000688800000|100%| O|  |TAMS 0x0000000688800000| PB 0x0000000688400000| Untracked 
| 546|0x0000000688800000, 0x0000000688c00000, 0x0000000688c00000|100%| O|  |TAMS 0x0000000688c00000| PB 0x0000000688800000| Untracked 
| 547|0x0000000688c00000, 0x0000000689000000, 0x0000000689000000|100%| O|  |TAMS 0x0000000689000000| PB 0x0000000688c00000| Untracked 
| 548|0x0000000689000000, 0x0000000689400000, 0x0000000689400000|100%| O|  |TAMS 0x0000000689400000| PB 0x0000000689000000| Untracked 
| 549|0x0000000689400000, 0x0000000689800000, 0x0000000689800000|100%| O|  |TAMS 0x0000000689800000| PB 0x0000000689400000| Untracked 
| 550|0x0000000689800000, 0x0000000689c00000, 0x0000000689c00000|100%| O|  |TAMS 0x0000000689c00000| PB 0x0000000689800000| Untracked 
| 551|0x0000000689c00000, 0x000000068a000000, 0x000000068a000000|100%| S|  |TAMS 0x0000000689c00000| PB 0x0000000689c00000| Complete 
| 552|0x000000068a000000, 0x000000068a400000, 0x000000068a400000|100%| O|  |TAMS 0x000000068a400000| PB 0x000000068a000000| Untracked 
| 553|0x000000068a400000, 0x000000068a800000, 0x000000068a800000|100%| O|  |TAMS 0x000000068a800000| PB 0x000000068a400000| Untracked 
| 554|0x000000068a800000, 0x000000068ac00000, 0x000000068ac00000|100%| S|  |TAMS 0x000000068a800000| PB 0x000000068a800000| Complete 
| 555|0x000000068ac00000, 0x000000068b000000, 0x000000068b000000|100%| O|  |TAMS 0x000000068b000000| PB 0x000000068ac00000| Untracked 
| 556|0x000000068b000000, 0x000000068b400000, 0x000000068b400000|100%| O|  |TAMS 0x000000068b400000| PB 0x000000068b000000| Untracked 
| 557|0x000000068b400000, 0x000000068b800000, 0x000000068b800000|100%| E|CS|TAMS 0x000000068b400000| PB 0x000000068b400000| Complete 
| 558|0x000000068b800000, 0x000000068bc00000, 0x000000068bc00000|100%| O|  |TAMS 0x000000068bc00000| PB 0x000000068b800000| Untracked 
| 559|0x000000068bc00000, 0x000000068c000000, 0x000000068c000000|100%| E|CS|TAMS 0x000000068bc00000| PB 0x000000068bc00000| Complete 
| 560|0x000000068c000000, 0x000000068c400000, 0x000000068c400000|100%| O|  |TAMS 0x000000068c400000| PB 0x000000068c000000| Untracked 
| 561|0x000000068c400000, 0x000000068c800000, 0x000000068c800000|100%| O|  |TAMS 0x000000068c800000| PB 0x000000068c400000| Untracked 
| 562|0x000000068c800000, 0x000000068cc00000, 0x000000068cc00000|100%| E|CS|TAMS 0x000000068c800000| PB 0x000000068c800000| Complete 
| 563|0x000000068cc00000, 0x000000068d000000, 0x000000068d000000|100%| E|CS|TAMS 0x000000068cc00000| PB 0x000000068cc00000| Complete 
| 564|0x000000068d000000, 0x000000068d400000, 0x000000068d400000|100%| E|CS|TAMS 0x000000068d000000| PB 0x000000068d000000| Complete 
| 565|0x000000068d400000, 0x000000068d800000, 0x000000068d800000|100%| E|CS|TAMS 0x000000068d400000| PB 0x000000068d400000| Complete 
| 566|0x000000068d800000, 0x000000068dc00000, 0x000000068dc00000|100%| E|CS|TAMS 0x000000068d800000| PB 0x000000068d800000| Complete 
| 567|0x000000068dc00000, 0x000000068e000000, 0x000000068e000000|100%| E|CS|TAMS 0x000000068dc00000| PB 0x000000068dc00000| Complete 
| 568|0x000000068e000000, 0x000000068e400000, 0x000000068e400000|100%| E|CS|TAMS 0x000000068e000000| PB 0x000000068e000000| Complete 
| 569|0x000000068e400000, 0x000000068e800000, 0x000000068e800000|100%| O|  |TAMS 0x000000068e800000| PB 0x000000068e400000| Untracked 
| 570|0x000000068e800000, 0x000000068ec00000, 0x000000068ec00000|100%| O|  |TAMS 0x000000068ec00000| PB 0x000000068e800000| Untracked 
| 571|0x000000068ec00000, 0x000000068f000000, 0x000000068f000000|100%| O|  |TAMS 0x000000068f000000| PB 0x000000068ec00000| Untracked 
| 572|0x000000068f000000, 0x000000068f400000, 0x000000068f400000|100%| O|  |TAMS 0x000000068f400000| PB 0x000000068f000000| Untracked 
| 573|0x000000068f400000, 0x000000068f800000, 0x000000068f800000|100%| E|CS|TAMS 0x000000068f400000| PB 0x000000068f400000| Complete 
| 574|0x000000068f800000, 0x000000068fc00000, 0x000000068fc00000|100%| O|  |TAMS 0x000000068fc00000| PB 0x000000068f800000| Untracked 
| 575|0x000000068fc00000, 0x0000000690000000, 0x0000000690000000|100%| O|  |TAMS 0x0000000690000000| PB 0x000000068fc00000| Untracked 
| 576|0x0000000690000000, 0x0000000690400000, 0x0000000690400000|100%| O|  |TAMS 0x0000000690400000| PB 0x0000000690000000| Untracked 
| 577|0x0000000690400000, 0x0000000690800000, 0x0000000690800000|100%| O|  |TAMS 0x0000000690800000| PB 0x0000000690400000| Untracked 
| 578|0x0000000690800000, 0x0000000690c00000, 0x0000000690c00000|100%| O|  |TAMS 0x0000000690c00000| PB 0x0000000690800000| Untracked 
| 579|0x0000000690c00000, 0x0000000691000000, 0x0000000691000000|100%| O|  |TAMS 0x0000000691000000| PB 0x0000000690c00000| Untracked 
| 580|0x0000000691000000, 0x0000000691400000, 0x0000000691400000|100%| O|  |TAMS 0x0000000691400000| PB 0x0000000691000000| Untracked 
| 581|0x0000000691400000, 0x0000000691800000, 0x0000000691800000|100%| O|  |TAMS 0x0000000691800000| PB 0x0000000691400000| Untracked 
| 582|0x0000000691800000, 0x0000000691c00000, 0x0000000691c00000|100%| O|  |TAMS 0x0000000691c00000| PB 0x0000000691800000| Untracked 
| 583|0x0000000691c00000, 0x0000000692000000, 0x0000000692000000|100%| O|  |TAMS 0x0000000692000000| PB 0x0000000691c00000| Untracked 
| 584|0x0000000692000000, 0x0000000692400000, 0x0000000692400000|100%| O|  |TAMS 0x0000000692400000| PB 0x0000000692000000| Untracked 
| 585|0x0000000692400000, 0x0000000692800000, 0x0000000692800000|100%| O|  |TAMS 0x0000000692800000| PB 0x0000000692400000| Untracked 
| 586|0x0000000692800000, 0x0000000692c00000, 0x0000000692c00000|100%| O|  |TAMS 0x0000000692c00000| PB 0x0000000692800000| Untracked 
| 587|0x0000000692c00000, 0x0000000693000000, 0x0000000693000000|100%| O|  |TAMS 0x0000000693000000| PB 0x0000000692c00000| Untracked 
| 588|0x0000000693000000, 0x0000000693400000, 0x0000000693400000|100%| E|CS|TAMS 0x0000000693000000| PB 0x0000000693000000| Complete 
| 589|0x0000000693400000, 0x0000000693800000, 0x0000000693800000|100%| E|CS|TAMS 0x0000000693400000| PB 0x0000000693400000| Complete 
| 590|0x0000000693800000, 0x0000000693c00000, 0x0000000693c00000|100%| E|CS|TAMS 0x0000000693800000| PB 0x0000000693800000| Complete 
| 591|0x0000000693c00000, 0x0000000694000000, 0x0000000694000000|100%| E|CS|TAMS 0x0000000693c00000| PB 0x0000000693c00000| Complete 
| 592|0x0000000694000000, 0x0000000694400000, 0x0000000694400000|100%| E|CS|TAMS 0x0000000694000000| PB 0x0000000694000000| Complete 
| 593|0x0000000694400000, 0x0000000694800000, 0x0000000694800000|100%| O|  |TAMS 0x0000000694800000| PB 0x0000000694400000| Untracked 
| 594|0x0000000694800000, 0x0000000694c00000, 0x0000000694c00000|100%| E|CS|TAMS 0x0000000694800000| PB 0x0000000694800000| Complete 
| 595|0x0000000694c00000, 0x0000000695000000, 0x0000000695000000|100%| E|CS|TAMS 0x0000000694c00000| PB 0x0000000694c00000| Complete 
| 596|0x0000000695000000, 0x0000000695400000, 0x0000000695400000|100%| E|CS|TAMS 0x0000000695000000| PB 0x0000000695000000| Complete 
| 597|0x0000000695400000, 0x0000000695800000, 0x0000000695800000|100%| E|CS|TAMS 0x0000000695400000| PB 0x0000000695400000| Complete 
| 598|0x0000000695800000, 0x0000000695c00000, 0x0000000695c00000|100%| E|CS|TAMS 0x0000000695800000| PB 0x0000000695800000| Complete 
| 599|0x0000000695c00000, 0x0000000696000000, 0x0000000696000000|100%| E|CS|TAMS 0x0000000695c00000| PB 0x0000000695c00000| Complete 
| 600|0x0000000696000000, 0x0000000696400000, 0x0000000696400000|100%| E|CS|TAMS 0x0000000696000000| PB 0x0000000696000000| Complete 
| 601|0x0000000696400000, 0x0000000696800000, 0x0000000696800000|100%| E|CS|TAMS 0x0000000696400000| PB 0x0000000696400000| Complete 
| 602|0x0000000696800000, 0x0000000696c00000, 0x0000000696c00000|100%| E|CS|TAMS 0x0000000696800000| PB 0x0000000696800000| Complete 
| 603|0x0000000696c00000, 0x0000000697000000, 0x0000000697000000|100%| E|CS|TAMS 0x0000000696c00000| PB 0x0000000696c00000| Complete 
| 604|0x0000000697000000, 0x0000000697400000, 0x0000000697400000|100%| E|CS|TAMS 0x0000000697000000| PB 0x0000000697000000| Complete 
| 605|0x0000000697400000, 0x0000000697800000, 0x0000000697800000|100%| E|CS|TAMS 0x0000000697400000| PB 0x0000000697400000| Complete 
| 606|0x0000000697800000, 0x0000000697c00000, 0x0000000697c00000|100%| E|CS|TAMS 0x0000000697800000| PB 0x0000000697800000| Complete 
| 607|0x0000000697c00000, 0x0000000698000000, 0x0000000698000000|100%| E|CS|TAMS 0x0000000697c00000| PB 0x0000000697c00000| Complete 
| 608|0x0000000698000000, 0x0000000698400000, 0x0000000698400000|100%| E|CS|TAMS 0x0000000698000000| PB 0x0000000698000000| Complete 
| 609|0x0000000698400000, 0x0000000698800000, 0x0000000698800000|100%| E|CS|TAMS 0x0000000698400000| PB 0x0000000698400000| Complete 
| 610|0x0000000698800000, 0x0000000698c00000, 0x0000000698c00000|100%| E|CS|TAMS 0x0000000698800000| PB 0x0000000698800000| Complete 
| 611|0x0000000698c00000, 0x0000000699000000, 0x0000000699000000|100%| E|CS|TAMS 0x0000000698c00000| PB 0x0000000698c00000| Complete 
| 612|0x0000000699000000, 0x0000000699400000, 0x0000000699400000|100%| E|CS|TAMS 0x0000000699000000| PB 0x0000000699000000| Complete 
| 613|0x0000000699400000, 0x0000000699800000, 0x0000000699800000|100%| E|CS|TAMS 0x0000000699400000| PB 0x0000000699400000| Complete 
| 614|0x0000000699800000, 0x0000000699c00000, 0x0000000699c00000|100%| E|CS|TAMS 0x0000000699800000| PB 0x0000000699800000| Complete 
| 615|0x0000000699c00000, 0x000000069a000000, 0x000000069a000000|100%| E|CS|TAMS 0x0000000699c00000| PB 0x0000000699c00000| Complete 
| 616|0x000000069a000000, 0x000000069a400000, 0x000000069a400000|100%| E|CS|TAMS 0x000000069a000000| PB 0x000000069a000000| Complete 
| 617|0x000000069a400000, 0x000000069a800000, 0x000000069a800000|100%| E|CS|TAMS 0x000000069a400000| PB 0x000000069a400000| Complete 
| 618|0x000000069a800000, 0x000000069ac00000, 0x000000069ac00000|100%| E|CS|TAMS 0x000000069a800000| PB 0x000000069a800000| Complete 
| 619|0x000000069ac00000, 0x000000069b000000, 0x000000069b000000|100%| E|CS|TAMS 0x000000069ac00000| PB 0x000000069ac00000| Complete 
| 620|0x000000069b000000, 0x000000069b400000, 0x000000069b400000|100%| E|CS|TAMS 0x000000069b000000| PB 0x000000069b000000| Complete 
| 621|0x000000069b400000, 0x000000069b800000, 0x000000069b800000|100%| E|CS|TAMS 0x000000069b400000| PB 0x000000069b400000| Complete 
| 622|0x000000069b800000, 0x000000069bc00000, 0x000000069bc00000|100%| E|CS|TAMS 0x000000069b800000| PB 0x000000069b800000| Complete 
| 623|0x000000069bc00000, 0x000000069c000000, 0x000000069c000000|100%| E|CS|TAMS 0x000000069bc00000| PB 0x000000069bc00000| Complete 
| 624|0x000000069c000000, 0x000000069c400000, 0x000000069c400000|100%| E|CS|TAMS 0x000000069c000000| PB 0x000000069c000000| Complete 
| 625|0x000000069c400000, 0x000000069c800000, 0x000000069c800000|100%| E|CS|TAMS 0x000000069c400000| PB 0x000000069c400000| Complete 
| 626|0x000000069c800000, 0x000000069cc00000, 0x000000069cc00000|100%| E|CS|TAMS 0x000000069c800000| PB 0x000000069c800000| Complete 
| 627|0x000000069cc00000, 0x000000069d000000, 0x000000069d000000|100%| E|CS|TAMS 0x000000069cc00000| PB 0x000000069cc00000| Complete 
| 628|0x000000069d000000, 0x000000069d400000, 0x000000069d400000|100%| E|CS|TAMS 0x000000069d000000| PB 0x000000069d000000| Complete 
| 629|0x000000069d400000, 0x000000069d800000, 0x000000069d800000|100%| E|CS|TAMS 0x000000069d400000| PB 0x000000069d400000| Complete 
| 630|0x000000069d800000, 0x000000069dc00000, 0x000000069dc00000|100%| E|CS|TAMS 0x000000069d800000| PB 0x000000069d800000| Complete 
| 631|0x000000069dc00000, 0x000000069e000000, 0x000000069e000000|100%| E|CS|TAMS 0x000000069dc00000| PB 0x000000069dc00000| Complete 
| 632|0x000000069e000000, 0x000000069e400000, 0x000000069e400000|100%| E|CS|TAMS 0x000000069e000000| PB 0x000000069e000000| Complete 
| 633|0x000000069e400000, 0x000000069e800000, 0x000000069e800000|100%| E|CS|TAMS 0x000000069e400000| PB 0x000000069e400000| Complete 
| 634|0x000000069e800000, 0x000000069ec00000, 0x000000069ec00000|100%| E|CS|TAMS 0x000000069e800000| PB 0x000000069e800000| Complete 
| 635|0x000000069ec00000, 0x000000069f000000, 0x000000069f000000|100%| E|CS|TAMS 0x000000069ec00000| PB 0x000000069ec00000| Complete 
| 636|0x000000069f000000, 0x000000069f400000, 0x000000069f400000|100%| E|CS|TAMS 0x000000069f000000| PB 0x000000069f000000| Complete 
| 637|0x000000069f400000, 0x000000069f800000, 0x000000069f800000|100%| E|CS|TAMS 0x000000069f400000| PB 0x000000069f400000| Complete 
| 638|0x000000069f800000, 0x000000069fc00000, 0x000000069fc00000|100%| E|CS|TAMS 0x000000069f800000| PB 0x000000069f800000| Complete 
| 639|0x000000069fc00000, 0x00000006a0000000, 0x00000006a0000000|100%| E|CS|TAMS 0x000000069fc00000| PB 0x000000069fc00000| Complete 
| 640|0x00000006a0000000, 0x00000006a0400000, 0x00000006a0400000|100%| E|CS|TAMS 0x00000006a0000000| PB 0x00000006a0000000| Complete 
| 641|0x00000006a0400000, 0x00000006a0800000, 0x00000006a0800000|100%| E|CS|TAMS 0x00000006a0400000| PB 0x00000006a0400000| Complete 
| 642|0x00000006a0800000, 0x00000006a0c00000, 0x00000006a0c00000|100%| E|CS|TAMS 0x00000006a0800000| PB 0x00000006a0800000| Complete 
| 643|0x00000006a0c00000, 0x00000006a1000000, 0x00000006a1000000|100%| E|CS|TAMS 0x00000006a0c00000| PB 0x00000006a0c00000| Complete 
| 644|0x00000006a1000000, 0x00000006a1400000, 0x00000006a1400000|100%| E|CS|TAMS 0x00000006a1000000| PB 0x00000006a1000000| Complete 
| 645|0x00000006a1400000, 0x00000006a1800000, 0x00000006a1800000|100%| E|CS|TAMS 0x00000006a1400000| PB 0x00000006a1400000| Complete 
| 646|0x00000006a1800000, 0x00000006a1c00000, 0x00000006a1c00000|100%| E|CS|TAMS 0x00000006a1800000| PB 0x00000006a1800000| Complete 
| 647|0x00000006a1c00000, 0x00000006a2000000, 0x00000006a2000000|100%| E|CS|TAMS 0x00000006a1c00000| PB 0x00000006a1c00000| Complete 
| 648|0x00000006a2000000, 0x00000006a2400000, 0x00000006a2400000|100%| E|CS|TAMS 0x00000006a2000000| PB 0x00000006a2000000| Complete 
| 649|0x00000006a2400000, 0x00000006a2800000, 0x00000006a2800000|100%| E|CS|TAMS 0x00000006a2400000| PB 0x00000006a2400000| Complete 
| 650|0x00000006a2800000, 0x00000006a2c00000, 0x00000006a2c00000|100%| E|CS|TAMS 0x00000006a2800000| PB 0x00000006a2800000| Complete 
| 651|0x00000006a2c00000, 0x00000006a3000000, 0x00000006a3000000|100%| E|CS|TAMS 0x00000006a2c00000| PB 0x00000006a2c00000| Complete 
| 652|0x00000006a3000000, 0x00000006a3400000, 0x00000006a3400000|100%| E|CS|TAMS 0x00000006a3000000| PB 0x00000006a3000000| Complete 
| 653|0x00000006a3400000, 0x00000006a3800000, 0x00000006a3800000|100%| E|CS|TAMS 0x00000006a3400000| PB 0x00000006a3400000| Complete 
| 654|0x00000006a3800000, 0x00000006a3c00000, 0x00000006a3c00000|100%| E|CS|TAMS 0x00000006a3800000| PB 0x00000006a3800000| Complete 
| 655|0x00000006a3c00000, 0x00000006a4000000, 0x00000006a4000000|100%| E|CS|TAMS 0x00000006a3c00000| PB 0x00000006a3c00000| Complete 
| 656|0x00000006a4000000, 0x00000006a4400000, 0x00000006a4400000|100%| E|CS|TAMS 0x00000006a4000000| PB 0x00000006a4000000| Complete 
| 657|0x00000006a4400000, 0x00000006a4800000, 0x00000006a4800000|100%| E|CS|TAMS 0x00000006a4400000| PB 0x00000006a4400000| Complete 
| 658|0x00000006a4800000, 0x00000006a4c00000, 0x00000006a4c00000|100%| E|CS|TAMS 0x00000006a4800000| PB 0x00000006a4800000| Complete 
| 659|0x00000006a4c00000, 0x00000006a5000000, 0x00000006a5000000|100%| E|CS|TAMS 0x00000006a4c00000| PB 0x00000006a4c00000| Complete 
| 660|0x00000006a5000000, 0x00000006a5400000, 0x00000006a5400000|100%| E|CS|TAMS 0x00000006a5000000| PB 0x00000006a5000000| Complete 
| 661|0x00000006a5400000, 0x00000006a5800000, 0x00000006a5800000|100%| E|CS|TAMS 0x00000006a5400000| PB 0x00000006a5400000| Complete 
| 662|0x00000006a5800000, 0x00000006a5c00000, 0x00000006a5c00000|100%| E|CS|TAMS 0x00000006a5800000| PB 0x00000006a5800000| Complete 
| 663|0x00000006a5c00000, 0x00000006a6000000, 0x00000006a6000000|100%| E|CS|TAMS 0x00000006a5c00000| PB 0x00000006a5c00000| Complete 
| 664|0x00000006a6000000, 0x00000006a6400000, 0x00000006a6400000|100%| E|CS|TAMS 0x00000006a6000000| PB 0x00000006a6000000| Complete 
| 665|0x00000006a6400000, 0x00000006a6800000, 0x00000006a6800000|100%| E|CS|TAMS 0x00000006a6400000| PB 0x00000006a6400000| Complete 
| 666|0x00000006a6800000, 0x00000006a6c00000, 0x00000006a6c00000|100%| E|CS|TAMS 0x00000006a6800000| PB 0x00000006a6800000| Complete 
| 667|0x00000006a6c00000, 0x00000006a7000000, 0x00000006a7000000|100%| E|CS|TAMS 0x00000006a6c00000| PB 0x00000006a6c00000| Complete 
| 668|0x00000006a7000000, 0x00000006a7400000, 0x00000006a7400000|100%| E|CS|TAMS 0x00000006a7000000| PB 0x00000006a7000000| Complete 
| 669|0x00000006a7400000, 0x00000006a7800000, 0x00000006a7800000|100%| E|CS|TAMS 0x00000006a7400000| PB 0x00000006a7400000| Complete 
| 670|0x00000006a7800000, 0x00000006a7c00000, 0x00000006a7c00000|100%| E|CS|TAMS 0x00000006a7800000| PB 0x00000006a7800000| Complete 
| 671|0x00000006a7c00000, 0x00000006a8000000, 0x00000006a8000000|100%| E|CS|TAMS 0x00000006a7c00000| PB 0x00000006a7c00000| Complete 
| 672|0x00000006a8000000, 0x00000006a8400000, 0x00000006a8400000|100%| E|CS|TAMS 0x00000006a8000000| PB 0x00000006a8000000| Complete 
| 673|0x00000006a8400000, 0x00000006a8800000, 0x00000006a8800000|100%| E|CS|TAMS 0x00000006a8400000| PB 0x00000006a8400000| Complete 
| 674|0x00000006a8800000, 0x00000006a8c00000, 0x00000006a8c00000|100%| E|CS|TAMS 0x00000006a8800000| PB 0x00000006a8800000| Complete 
| 675|0x00000006a8c00000, 0x00000006a9000000, 0x00000006a9000000|100%| E|CS|TAMS 0x00000006a8c00000| PB 0x00000006a8c00000| Complete 
| 676|0x00000006a9000000, 0x00000006a9400000, 0x00000006a9400000|100%| E|CS|TAMS 0x00000006a9000000| PB 0x00000006a9000000| Complete 
| 677|0x00000006a9400000, 0x00000006a9800000, 0x00000006a9800000|100%| E|CS|TAMS 0x00000006a9400000| PB 0x00000006a9400000| Complete 
| 678|0x00000006a9800000, 0x00000006a9c00000, 0x00000006a9c00000|100%| E|CS|TAMS 0x00000006a9800000| PB 0x00000006a9800000| Complete 
| 679|0x00000006a9c00000, 0x00000006aa000000, 0x00000006aa000000|100%| E|CS|TAMS 0x00000006a9c00000| PB 0x00000006a9c00000| Complete 
| 680|0x00000006aa000000, 0x00000006aa400000, 0x00000006aa400000|100%| E|CS|TAMS 0x00000006aa000000| PB 0x00000006aa000000| Complete 
| 681|0x00000006aa400000, 0x00000006aa800000, 0x00000006aa800000|100%| E|CS|TAMS 0x00000006aa400000| PB 0x00000006aa400000| Complete 
| 682|0x00000006aa800000, 0x00000006aac00000, 0x00000006aac00000|100%| E|CS|TAMS 0x00000006aa800000| PB 0x00000006aa800000| Complete 
| 683|0x00000006aac00000, 0x00000006ab000000, 0x00000006ab000000|100%| E|CS|TAMS 0x00000006aac00000| PB 0x00000006aac00000| Complete 
| 684|0x00000006ab000000, 0x00000006ab400000, 0x00000006ab400000|100%| E|CS|TAMS 0x00000006ab000000| PB 0x00000006ab000000| Complete 
| 685|0x00000006ab400000, 0x00000006ab800000, 0x00000006ab800000|100%| E|CS|TAMS 0x00000006ab400000| PB 0x00000006ab400000| Complete 
| 686|0x00000006ab800000, 0x00000006abc00000, 0x00000006abc00000|100%| E|CS|TAMS 0x00000006ab800000| PB 0x00000006ab800000| Complete 
| 687|0x00000006abc00000, 0x00000006ac000000, 0x00000006ac000000|100%| E|CS|TAMS 0x00000006abc00000| PB 0x00000006abc00000| Complete 
| 688|0x00000006ac000000, 0x00000006ac400000, 0x00000006ac400000|100%| E|CS|TAMS 0x00000006ac000000| PB 0x00000006ac000000| Complete 
| 689|0x00000006ac400000, 0x00000006ac800000, 0x00000006ac800000|100%| E|CS|TAMS 0x00000006ac400000| PB 0x00000006ac400000| Complete 
| 690|0x00000006ac800000, 0x00000006acc00000, 0x00000006acc00000|100%| E|CS|TAMS 0x00000006ac800000| PB 0x00000006ac800000| Complete 
| 691|0x00000006acc00000, 0x00000006ad000000, 0x00000006ad000000|100%| E|CS|TAMS 0x00000006acc00000| PB 0x00000006acc00000| Complete 
| 692|0x00000006ad000000, 0x00000006ad400000, 0x00000006ad400000|100%| E|CS|TAMS 0x00000006ad000000| PB 0x00000006ad000000| Complete 
| 693|0x00000006ad400000, 0x00000006ad800000, 0x00000006ad800000|100%| E|CS|TAMS 0x00000006ad400000| PB 0x00000006ad400000| Complete 
| 694|0x00000006ad800000, 0x00000006adc00000, 0x00000006adc00000|100%| E|CS|TAMS 0x00000006ad800000| PB 0x00000006ad800000| Complete 
| 695|0x00000006adc00000, 0x00000006ae000000, 0x00000006ae000000|100%| E|CS|TAMS 0x00000006adc00000| PB 0x00000006adc00000| Complete 
| 696|0x00000006ae000000, 0x00000006ae400000, 0x00000006ae400000|100%| E|CS|TAMS 0x00000006ae000000| PB 0x00000006ae000000| Complete 
| 697|0x00000006ae400000, 0x00000006ae800000, 0x00000006ae800000|100%| E|CS|TAMS 0x00000006ae400000| PB 0x00000006ae400000| Complete 
| 698|0x00000006ae800000, 0x00000006aec00000, 0x00000006aec00000|100%| E|CS|TAMS 0x00000006ae800000| PB 0x00000006ae800000| Complete 
| 699|0x00000006aec00000, 0x00000006af000000, 0x00000006af000000|100%| E|CS|TAMS 0x00000006aec00000| PB 0x00000006aec00000| Complete 
| 700|0x00000006af000000, 0x00000006af400000, 0x00000006af400000|100%| E|CS|TAMS 0x00000006af000000| PB 0x00000006af000000| Complete 
| 701|0x00000006af400000, 0x00000006af800000, 0x00000006af800000|100%| E|CS|TAMS 0x00000006af400000| PB 0x00000006af400000| Complete 
| 702|0x00000006af800000, 0x00000006afc00000, 0x00000006afc00000|100%| E|CS|TAMS 0x00000006af800000| PB 0x00000006af800000| Complete 
| 703|0x00000006afc00000, 0x00000006b0000000, 0x00000006b0000000|100%| E|CS|TAMS 0x00000006afc00000| PB 0x00000006afc00000| Complete 
| 704|0x00000006b0000000, 0x00000006b0400000, 0x00000006b0400000|100%| E|CS|TAMS 0x00000006b0000000| PB 0x00000006b0000000| Complete 
| 705|0x00000006b0400000, 0x00000006b0800000, 0x00000006b0800000|100%| E|CS|TAMS 0x00000006b0400000| PB 0x00000006b0400000| Complete 
| 706|0x00000006b0800000, 0x00000006b0c00000, 0x00000006b0c00000|100%| E|CS|TAMS 0x00000006b0800000| PB 0x00000006b0800000| Complete 
| 707|0x00000006b0c00000, 0x00000006b1000000, 0x00000006b1000000|100%| E|CS|TAMS 0x00000006b0c00000| PB 0x00000006b0c00000| Complete 
| 708|0x00000006b1000000, 0x00000006b1400000, 0x00000006b1400000|100%| E|CS|TAMS 0x00000006b1000000| PB 0x00000006b1000000| Complete 
| 709|0x00000006b1400000, 0x00000006b1800000, 0x00000006b1800000|100%| E|CS|TAMS 0x00000006b1400000| PB 0x00000006b1400000| Complete 
| 710|0x00000006b1800000, 0x00000006b1c00000, 0x00000006b1c00000|100%| E|CS|TAMS 0x00000006b1800000| PB 0x00000006b1800000| Complete 
| 711|0x00000006b1c00000, 0x00000006b2000000, 0x00000006b2000000|100%| E|CS|TAMS 0x00000006b1c00000| PB 0x00000006b1c00000| Complete 
| 712|0x00000006b2000000, 0x00000006b2400000, 0x00000006b2400000|100%| E|CS|TAMS 0x00000006b2000000| PB 0x00000006b2000000| Complete 
| 713|0x00000006b2400000, 0x00000006b2800000, 0x00000006b2800000|100%| E|CS|TAMS 0x00000006b2400000| PB 0x00000006b2400000| Complete 
| 714|0x00000006b2800000, 0x00000006b2c00000, 0x00000006b2c00000|100%| E|CS|TAMS 0x00000006b2800000| PB 0x00000006b2800000| Complete 
| 715|0x00000006b2c00000, 0x00000006b3000000, 0x00000006b3000000|100%| E|CS|TAMS 0x00000006b2c00000| PB 0x00000006b2c00000| Complete 
| 716|0x00000006b3000000, 0x00000006b3400000, 0x00000006b3400000|100%| E|CS|TAMS 0x00000006b3000000| PB 0x00000006b3000000| Complete 
| 717|0x00000006b3400000, 0x00000006b3800000, 0x00000006b3800000|100%| E|CS|TAMS 0x00000006b3400000| PB 0x00000006b3400000| Complete 
| 718|0x00000006b3800000, 0x00000006b3c00000, 0x00000006b3c00000|100%| E|CS|TAMS 0x00000006b3800000| PB 0x00000006b3800000| Complete 
| 719|0x00000006b3c00000, 0x00000006b4000000, 0x00000006b4000000|100%| E|CS|TAMS 0x00000006b3c00000| PB 0x00000006b3c00000| Complete 
| 720|0x00000006b4000000, 0x00000006b4400000, 0x00000006b4400000|100%| E|CS|TAMS 0x00000006b4000000| PB 0x00000006b4000000| Complete 
| 721|0x00000006b4400000, 0x00000006b4800000, 0x00000006b4800000|100%| E|CS|TAMS 0x00000006b4400000| PB 0x00000006b4400000| Complete 
| 722|0x00000006b4800000, 0x00000006b4c00000, 0x00000006b4c00000|100%| E|CS|TAMS 0x00000006b4800000| PB 0x00000006b4800000| Complete 
| 723|0x00000006b4c00000, 0x00000006b5000000, 0x00000006b5000000|100%| E|CS|TAMS 0x00000006b4c00000| PB 0x00000006b4c00000| Complete 
| 724|0x00000006b5000000, 0x00000006b5400000, 0x00000006b5400000|100%| E|CS|TAMS 0x00000006b5000000| PB 0x00000006b5000000| Complete 
| 725|0x00000006b5400000, 0x00000006b5800000, 0x00000006b5800000|100%| E|CS|TAMS 0x00000006b5400000| PB 0x00000006b5400000| Complete 
| 726|0x00000006b5800000, 0x00000006b5c00000, 0x00000006b5c00000|100%| E|CS|TAMS 0x00000006b5800000| PB 0x00000006b5800000| Complete 
| 727|0x00000006b5c00000, 0x00000006b6000000, 0x00000006b6000000|100%| E|CS|TAMS 0x00000006b5c00000| PB 0x00000006b5c00000| Complete 
| 728|0x00000006b6000000, 0x00000006b6400000, 0x00000006b6400000|100%| E|CS|TAMS 0x00000006b6000000| PB 0x00000006b6000000| Complete 
| 729|0x00000006b6400000, 0x00000006b6800000, 0x00000006b6800000|100%| E|CS|TAMS 0x00000006b6400000| PB 0x00000006b6400000| Complete 
| 730|0x00000006b6800000, 0x00000006b6c00000, 0x00000006b6c00000|100%| E|CS|TAMS 0x00000006b6800000| PB 0x00000006b6800000| Complete 
| 731|0x00000006b6c00000, 0x00000006b7000000, 0x00000006b7000000|100%| E|CS|TAMS 0x00000006b6c00000| PB 0x00000006b6c00000| Complete 
| 732|0x00000006b7000000, 0x00000006b7400000, 0x00000006b7400000|100%| E|CS|TAMS 0x00000006b7000000| PB 0x00000006b7000000| Complete 
| 733|0x00000006b7400000, 0x00000006b7800000, 0x00000006b7800000|100%| E|CS|TAMS 0x00000006b7400000| PB 0x00000006b7400000| Complete 
| 734|0x00000006b7800000, 0x00000006b7c00000, 0x00000006b7c00000|100%| E|CS|TAMS 0x00000006b7800000| PB 0x00000006b7800000| Complete 
| 735|0x00000006b7c00000, 0x00000006b8000000, 0x00000006b8000000|100%| E|CS|TAMS 0x00000006b7c00000| PB 0x00000006b7c00000| Complete 
| 736|0x00000006b8000000, 0x00000006b8400000, 0x00000006b8400000|100%| E|CS|TAMS 0x00000006b8000000| PB 0x00000006b8000000| Complete 
| 737|0x00000006b8400000, 0x00000006b8800000, 0x00000006b8800000|100%| E|CS|TAMS 0x00000006b8400000| PB 0x00000006b8400000| Complete 
| 738|0x00000006b8800000, 0x00000006b8c00000, 0x00000006b8c00000|100%| E|CS|TAMS 0x00000006b8800000| PB 0x00000006b8800000| Complete 
| 739|0x00000006b8c00000, 0x00000006b9000000, 0x00000006b9000000|100%| E|CS|TAMS 0x00000006b8c00000| PB 0x00000006b8c00000| Complete 
| 740|0x00000006b9000000, 0x00000006b9400000, 0x00000006b9400000|100%| E|CS|TAMS 0x00000006b9000000| PB 0x00000006b9000000| Complete 
| 741|0x00000006b9400000, 0x00000006b9800000, 0x00000006b9800000|100%| E|CS|TAMS 0x00000006b9400000| PB 0x00000006b9400000| Complete 
| 742|0x00000006b9800000, 0x00000006b9c00000, 0x00000006b9c00000|100%| E|CS|TAMS 0x00000006b9800000| PB 0x00000006b9800000| Complete 
| 743|0x00000006b9c00000, 0x00000006ba000000, 0x00000006ba000000|100%| E|CS|TAMS 0x00000006b9c00000| PB 0x00000006b9c00000| Complete 
| 744|0x00000006ba000000, 0x00000006ba400000, 0x00000006ba400000|100%| E|CS|TAMS 0x00000006ba000000| PB 0x00000006ba000000| Complete 
| 745|0x00000006ba400000, 0x00000006ba800000, 0x00000006ba800000|100%| E|CS|TAMS 0x00000006ba400000| PB 0x00000006ba400000| Complete 
| 746|0x00000006ba800000, 0x00000006bac00000, 0x00000006bac00000|100%| E|CS|TAMS 0x00000006ba800000| PB 0x00000006ba800000| Complete 
| 747|0x00000006bac00000, 0x00000006bb000000, 0x00000006bb000000|100%| E|CS|TAMS 0x00000006bac00000| PB 0x00000006bac00000| Complete 
| 748|0x00000006bb000000, 0x00000006bb400000, 0x00000006bb400000|100%| E|CS|TAMS 0x00000006bb000000| PB 0x00000006bb000000| Complete 
| 749|0x00000006bb400000, 0x00000006bb800000, 0x00000006bb800000|100%| E|CS|TAMS 0x00000006bb400000| PB 0x00000006bb400000| Complete 
| 750|0x00000006bb800000, 0x00000006bbc00000, 0x00000006bbc00000|100%| E|CS|TAMS 0x00000006bb800000| PB 0x00000006bb800000| Complete 
| 751|0x00000006bbc00000, 0x00000006bc000000, 0x00000006bc000000|100%| E|CS|TAMS 0x00000006bbc00000| PB 0x00000006bbc00000| Complete 
| 752|0x00000006bc000000, 0x00000006bc400000, 0x00000006bc400000|100%| E|CS|TAMS 0x00000006bc000000| PB 0x00000006bc000000| Complete 
| 753|0x00000006bc400000, 0x00000006bc800000, 0x00000006bc800000|100%| E|CS|TAMS 0x00000006bc400000| PB 0x00000006bc400000| Complete 
| 754|0x00000006bc800000, 0x00000006bcc00000, 0x00000006bcc00000|100%| E|CS|TAMS 0x00000006bc800000| PB 0x00000006bc800000| Complete 
| 755|0x00000006bcc00000, 0x00000006bd000000, 0x00000006bd000000|100%| E|CS|TAMS 0x00000006bcc00000| PB 0x00000006bcc00000| Complete 
| 756|0x00000006bd000000, 0x00000006bd400000, 0x00000006bd400000|100%| E|CS|TAMS 0x00000006bd000000| PB 0x00000006bd000000| Complete 
| 757|0x00000006bd400000, 0x00000006bd800000, 0x00000006bd800000|100%| E|CS|TAMS 0x00000006bd400000| PB 0x00000006bd400000| Complete 
| 758|0x00000006bd800000, 0x00000006bdc00000, 0x00000006bdc00000|100%| E|CS|TAMS 0x00000006bd800000| PB 0x00000006bd800000| Complete 
| 759|0x00000006bdc00000, 0x00000006be000000, 0x00000006be000000|100%| E|CS|TAMS 0x00000006bdc00000| PB 0x00000006bdc00000| Complete 
| 760|0x00000006be000000, 0x00000006be400000, 0x00000006be400000|100%| E|CS|TAMS 0x00000006be000000| PB 0x00000006be000000| Complete 
| 761|0x00000006be400000, 0x00000006be800000, 0x00000006be800000|100%| E|CS|TAMS 0x00000006be400000| PB 0x00000006be400000| Complete 
| 762|0x00000006be800000, 0x00000006bec00000, 0x00000006bec00000|100%| E|CS|TAMS 0x00000006be800000| PB 0x00000006be800000| Complete 
| 763|0x00000006bec00000, 0x00000006bf000000, 0x00000006bf000000|100%| E|CS|TAMS 0x00000006bec00000| PB 0x00000006bec00000| Complete 
| 764|0x00000006bf000000, 0x00000006bf400000, 0x00000006bf400000|100%| E|CS|TAMS 0x00000006bf000000| PB 0x00000006bf000000| Complete 
| 765|0x00000006bf400000, 0x00000006bf800000, 0x00000006bf800000|100%| E|CS|TAMS 0x00000006bf400000| PB 0x00000006bf400000| Complete 
| 766|0x00000006bf800000, 0x00000006bfc00000, 0x00000006bfc00000|100%| E|CS|TAMS 0x00000006bf800000| PB 0x00000006bf800000| Complete 
| 767|0x00000006bfc00000, 0x00000006c0000000, 0x00000006c0000000|100%| E|CS|TAMS 0x00000006bfc00000| PB 0x00000006bfc00000| Complete 
| 768|0x00000006c0000000, 0x00000006c0400000, 0x00000006c0400000|100%| E|CS|TAMS 0x00000006c0000000| PB 0x00000006c0000000| Complete 
| 769|0x00000006c0400000, 0x00000006c0800000, 0x00000006c0800000|100%| E|CS|TAMS 0x00000006c0400000| PB 0x00000006c0400000| Complete 
| 770|0x00000006c0800000, 0x00000006c0c00000, 0x00000006c0c00000|100%| E|CS|TAMS 0x00000006c0800000| PB 0x00000006c0800000| Complete 
| 771|0x00000006c0c00000, 0x00000006c1000000, 0x00000006c1000000|100%| E|CS|TAMS 0x00000006c0c00000| PB 0x00000006c0c00000| Complete 
| 772|0x00000006c1000000, 0x00000006c1400000, 0x00000006c1400000|100%| E|CS|TAMS 0x00000006c1000000| PB 0x00000006c1000000| Complete 
| 773|0x00000006c1400000, 0x00000006c1800000, 0x00000006c1800000|100%| E|CS|TAMS 0x00000006c1400000| PB 0x00000006c1400000| Complete 
| 774|0x00000006c1800000, 0x00000006c1c00000, 0x00000006c1c00000|100%| E|CS|TAMS 0x00000006c1800000| PB 0x00000006c1800000| Complete 
| 775|0x00000006c1c00000, 0x00000006c2000000, 0x00000006c2000000|100%| E|CS|TAMS 0x00000006c1c00000| PB 0x00000006c1c00000| Complete 
| 776|0x00000006c2000000, 0x00000006c2400000, 0x00000006c2400000|100%| E|CS|TAMS 0x00000006c2000000| PB 0x00000006c2000000| Complete 
| 777|0x00000006c2400000, 0x00000006c2800000, 0x00000006c2800000|100%| E|CS|TAMS 0x00000006c2400000| PB 0x00000006c2400000| Complete 
| 778|0x00000006c2800000, 0x00000006c2c00000, 0x00000006c2c00000|100%| E|CS|TAMS 0x00000006c2800000| PB 0x00000006c2800000| Complete 
| 779|0x00000006c2c00000, 0x00000006c3000000, 0x00000006c3000000|100%| E|CS|TAMS 0x00000006c2c00000| PB 0x00000006c2c00000| Complete 
| 780|0x00000006c3000000, 0x00000006c3400000, 0x00000006c3400000|100%| E|CS|TAMS 0x00000006c3000000| PB 0x00000006c3000000| Complete 
| 781|0x00000006c3400000, 0x00000006c3800000, 0x00000006c3800000|100%| E|CS|TAMS 0x00000006c3400000| PB 0x00000006c3400000| Complete 
| 782|0x00000006c3800000, 0x00000006c3c00000, 0x00000006c3c00000|100%| E|CS|TAMS 0x00000006c3800000| PB 0x00000006c3800000| Complete 
| 783|0x00000006c3c00000, 0x00000006c4000000, 0x00000006c4000000|100%| E|CS|TAMS 0x00000006c3c00000| PB 0x00000006c3c00000| Complete 
| 784|0x00000006c4000000, 0x00000006c4400000, 0x00000006c4400000|100%| E|CS|TAMS 0x00000006c4000000| PB 0x00000006c4000000| Complete 
| 785|0x00000006c4400000, 0x00000006c4800000, 0x00000006c4800000|100%| E|CS|TAMS 0x00000006c4400000| PB 0x00000006c4400000| Complete 
| 786|0x00000006c4800000, 0x00000006c4c00000, 0x00000006c4c00000|100%| E|CS|TAMS 0x00000006c4800000| PB 0x00000006c4800000| Complete 
| 787|0x00000006c4c00000, 0x00000006c5000000, 0x00000006c5000000|100%| E|CS|TAMS 0x00000006c4c00000| PB 0x00000006c4c00000| Complete 
| 788|0x00000006c5000000, 0x00000006c5400000, 0x00000006c5400000|100%| E|CS|TAMS 0x00000006c5000000| PB 0x00000006c5000000| Complete 
| 789|0x00000006c5400000, 0x00000006c5800000, 0x00000006c5800000|100%| E|CS|TAMS 0x00000006c5400000| PB 0x00000006c5400000| Complete 
| 790|0x00000006c5800000, 0x00000006c5c00000, 0x00000006c5c00000|100%| E|CS|TAMS 0x00000006c5800000| PB 0x00000006c5800000| Complete 
| 791|0x00000006c5c00000, 0x00000006c6000000, 0x00000006c6000000|100%| E|CS|TAMS 0x00000006c5c00000| PB 0x00000006c5c00000| Complete 
| 792|0x00000006c6000000, 0x00000006c6400000, 0x00000006c6400000|100%| E|CS|TAMS 0x00000006c6000000| PB 0x00000006c6000000| Complete 
| 793|0x00000006c6400000, 0x00000006c6800000, 0x00000006c6800000|100%| E|CS|TAMS 0x00000006c6400000| PB 0x00000006c6400000| Complete 
| 794|0x00000006c6800000, 0x00000006c6c00000, 0x00000006c6c00000|100%| E|CS|TAMS 0x00000006c6800000| PB 0x00000006c6800000| Complete 
| 795|0x00000006c6c00000, 0x00000006c7000000, 0x00000006c7000000|100%| E|CS|TAMS 0x00000006c6c00000| PB 0x00000006c6c00000| Complete 
| 796|0x00000006c7000000, 0x00000006c7400000, 0x00000006c7400000|100%| E|CS|TAMS 0x00000006c7000000| PB 0x00000006c7000000| Complete 
| 797|0x00000006c7400000, 0x00000006c7800000, 0x00000006c7800000|100%| E|CS|TAMS 0x00000006c7400000| PB 0x00000006c7400000| Complete 
| 798|0x00000006c7800000, 0x00000006c7c00000, 0x00000006c7c00000|100%| E|CS|TAMS 0x00000006c7800000| PB 0x00000006c7800000| Complete 
| 799|0x00000006c7c00000, 0x00000006c8000000, 0x00000006c8000000|100%| E|CS|TAMS 0x00000006c7c00000| PB 0x00000006c7c00000| Complete 
| 800|0x00000006c8000000, 0x00000006c8400000, 0x00000006c8400000|100%| E|CS|TAMS 0x00000006c8000000| PB 0x00000006c8000000| Complete 
| 801|0x00000006c8400000, 0x00000006c8800000, 0x00000006c8800000|100%| E|CS|TAMS 0x00000006c8400000| PB 0x00000006c8400000| Complete 
| 802|0x00000006c8800000, 0x00000006c8c00000, 0x00000006c8c00000|100%| E|CS|TAMS 0x00000006c8800000| PB 0x00000006c8800000| Complete 
| 803|0x00000006c8c00000, 0x00000006c9000000, 0x00000006c9000000|100%| E|CS|TAMS 0x00000006c8c00000| PB 0x00000006c8c00000| Complete 
| 804|0x00000006c9000000, 0x00000006c9400000, 0x00000006c9400000|100%| E|CS|TAMS 0x00000006c9000000| PB 0x00000006c9000000| Complete 
| 805|0x00000006c9400000, 0x00000006c9800000, 0x00000006c9800000|100%| E|CS|TAMS 0x00000006c9400000| PB 0x00000006c9400000| Complete 
| 806|0x00000006c9800000, 0x00000006c9c00000, 0x00000006c9c00000|100%| E|CS|TAMS 0x00000006c9800000| PB 0x00000006c9800000| Complete 
| 807|0x00000006c9c00000, 0x00000006ca000000, 0x00000006ca000000|100%| E|CS|TAMS 0x00000006c9c00000| PB 0x00000006c9c00000| Complete 
| 808|0x00000006ca000000, 0x00000006ca400000, 0x00000006ca400000|100%| E|CS|TAMS 0x00000006ca000000| PB 0x00000006ca000000| Complete 
| 809|0x00000006ca400000, 0x00000006ca800000, 0x00000006ca800000|100%| E|CS|TAMS 0x00000006ca400000| PB 0x00000006ca400000| Complete 
| 810|0x00000006ca800000, 0x00000006cac00000, 0x00000006cac00000|100%| E|CS|TAMS 0x00000006ca800000| PB 0x00000006ca800000| Complete 
| 811|0x00000006cac00000, 0x00000006cb000000, 0x00000006cb000000|100%| E|CS|TAMS 0x00000006cac00000| PB 0x00000006cac00000| Complete 
| 812|0x00000006cb000000, 0x00000006cb400000, 0x00000006cb400000|100%| E|CS|TAMS 0x00000006cb000000| PB 0x00000006cb000000| Complete 
| 813|0x00000006cb400000, 0x00000006cb800000, 0x00000006cb800000|100%| E|CS|TAMS 0x00000006cb400000| PB 0x00000006cb400000| Complete 
| 814|0x00000006cb800000, 0x00000006cbc00000, 0x00000006cbc00000|100%| E|CS|TAMS 0x00000006cb800000| PB 0x00000006cb800000| Complete 
| 815|0x00000006cbc00000, 0x00000006cc000000, 0x00000006cc000000|100%| E|CS|TAMS 0x00000006cbc00000| PB 0x00000006cbc00000| Complete 
| 816|0x00000006cc000000, 0x00000006cc400000, 0x00000006cc400000|100%| E|CS|TAMS 0x00000006cc000000| PB 0x00000006cc000000| Complete 
| 817|0x00000006cc400000, 0x00000006cc800000, 0x00000006cc800000|100%| E|CS|TAMS 0x00000006cc400000| PB 0x00000006cc400000| Complete 
| 818|0x00000006cc800000, 0x00000006ccc00000, 0x00000006ccc00000|100%| E|CS|TAMS 0x00000006cc800000| PB 0x00000006cc800000| Complete 
| 819|0x00000006ccc00000, 0x00000006cd000000, 0x00000006cd000000|100%| E|CS|TAMS 0x00000006ccc00000| PB 0x00000006ccc00000| Complete 
| 820|0x00000006cd000000, 0x00000006cd400000, 0x00000006cd400000|100%| E|CS|TAMS 0x00000006cd000000| PB 0x00000006cd000000| Complete 
| 821|0x00000006cd400000, 0x00000006cd800000, 0x00000006cd800000|100%| E|CS|TAMS 0x00000006cd400000| PB 0x00000006cd400000| Complete 
| 822|0x00000006cd800000, 0x00000006cdc00000, 0x00000006cdc00000|100%| E|CS|TAMS 0x00000006cd800000| PB 0x00000006cd800000| Complete 
| 823|0x00000006cdc00000, 0x00000006ce000000, 0x00000006ce000000|100%| E|CS|TAMS 0x00000006cdc00000| PB 0x00000006cdc00000| Complete 
| 824|0x00000006ce000000, 0x00000006ce400000, 0x00000006ce400000|100%| E|CS|TAMS 0x00000006ce000000| PB 0x00000006ce000000| Complete 
| 825|0x00000006ce400000, 0x00000006ce800000, 0x00000006ce800000|100%| E|CS|TAMS 0x00000006ce400000| PB 0x00000006ce400000| Complete 
| 826|0x00000006ce800000, 0x00000006cec00000, 0x00000006cec00000|100%| E|CS|TAMS 0x00000006ce800000| PB 0x00000006ce800000| Complete 
| 827|0x00000006cec00000, 0x00000006cf000000, 0x00000006cf000000|100%| E|CS|TAMS 0x00000006cec00000| PB 0x00000006cec00000| Complete 
| 828|0x00000006cf000000, 0x00000006cf400000, 0x00000006cf400000|100%| E|CS|TAMS 0x00000006cf000000| PB 0x00000006cf000000| Complete 
| 829|0x00000006cf400000, 0x00000006cf800000, 0x00000006cf800000|100%| E|CS|TAMS 0x00000006cf400000| PB 0x00000006cf400000| Complete 
| 830|0x00000006cf800000, 0x00000006cfc00000, 0x00000006cfc00000|100%| E|CS|TAMS 0x00000006cf800000| PB 0x00000006cf800000| Complete 
| 831|0x00000006cfc00000, 0x00000006d0000000, 0x00000006d0000000|100%| E|CS|TAMS 0x00000006cfc00000| PB 0x00000006cfc00000| Complete 
| 832|0x00000006d0000000, 0x00000006d0400000, 0x00000006d0400000|100%| E|CS|TAMS 0x00000006d0000000| PB 0x00000006d0000000| Complete 
| 833|0x00000006d0400000, 0x00000006d0800000, 0x00000006d0800000|100%| E|CS|TAMS 0x00000006d0400000| PB 0x00000006d0400000| Complete 
| 834|0x00000006d0800000, 0x00000006d0c00000, 0x00000006d0c00000|100%| E|CS|TAMS 0x00000006d0800000| PB 0x00000006d0800000| Complete 
| 835|0x00000006d0c00000, 0x00000006d1000000, 0x00000006d1000000|100%| E|CS|TAMS 0x00000006d0c00000| PB 0x00000006d0c00000| Complete 
| 836|0x00000006d1000000, 0x00000006d1400000, 0x00000006d1400000|100%| E|CS|TAMS 0x00000006d1000000| PB 0x00000006d1000000| Complete 
| 837|0x00000006d1400000, 0x00000006d1800000, 0x00000006d1800000|100%| E|CS|TAMS 0x00000006d1400000| PB 0x00000006d1400000| Complete 
| 838|0x00000006d1800000, 0x00000006d1c00000, 0x00000006d1c00000|100%| E|CS|TAMS 0x00000006d1800000| PB 0x00000006d1800000| Complete 
| 839|0x00000006d1c00000, 0x00000006d2000000, 0x00000006d2000000|100%| E|CS|TAMS 0x00000006d1c00000| PB 0x00000006d1c00000| Complete 
| 840|0x00000006d2000000, 0x00000006d2400000, 0x00000006d2400000|100%| E|CS|TAMS 0x00000006d2000000| PB 0x00000006d2000000| Complete 
| 841|0x00000006d2400000, 0x00000006d2800000, 0x00000006d2800000|100%| E|CS|TAMS 0x00000006d2400000| PB 0x00000006d2400000| Complete 
| 842|0x00000006d2800000, 0x00000006d2c00000, 0x00000006d2c00000|100%| E|CS|TAMS 0x00000006d2800000| PB 0x00000006d2800000| Complete 
| 843|0x00000006d2c00000, 0x00000006d3000000, 0x00000006d3000000|100%| E|CS|TAMS 0x00000006d2c00000| PB 0x00000006d2c00000| Complete 
| 844|0x00000006d3000000, 0x00000006d3400000, 0x00000006d3400000|100%| E|CS|TAMS 0x00000006d3000000| PB 0x00000006d3000000| Complete 
| 845|0x00000006d3400000, 0x00000006d3800000, 0x00000006d3800000|100%| E|CS|TAMS 0x00000006d3400000| PB 0x00000006d3400000| Complete 
| 846|0x00000006d3800000, 0x00000006d3c00000, 0x00000006d3c00000|100%| E|CS|TAMS 0x00000006d3800000| PB 0x00000006d3800000| Complete 
| 847|0x00000006d3c00000, 0x00000006d4000000, 0x00000006d4000000|100%| E|CS|TAMS 0x00000006d3c00000| PB 0x00000006d3c00000| Complete 
| 848|0x00000006d4000000, 0x00000006d4400000, 0x00000006d4400000|100%| E|CS|TAMS 0x00000006d4000000| PB 0x00000006d4000000| Complete 
| 849|0x00000006d4400000, 0x00000006d4800000, 0x00000006d4800000|100%| E|CS|TAMS 0x00000006d4400000| PB 0x00000006d4400000| Complete 
| 850|0x00000006d4800000, 0x00000006d4c00000, 0x00000006d4c00000|100%| E|CS|TAMS 0x00000006d4800000| PB 0x00000006d4800000| Complete 
| 851|0x00000006d4c00000, 0x00000006d5000000, 0x00000006d5000000|100%| E|CS|TAMS 0x00000006d4c00000| PB 0x00000006d4c00000| Complete 
| 852|0x00000006d5000000, 0x00000006d5400000, 0x00000006d5400000|100%| E|CS|TAMS 0x00000006d5000000| PB 0x00000006d5000000| Complete 
| 853|0x00000006d5400000, 0x00000006d5800000, 0x00000006d5800000|100%| E|CS|TAMS 0x00000006d5400000| PB 0x00000006d5400000| Complete 
| 854|0x00000006d5800000, 0x00000006d5c00000, 0x00000006d5c00000|100%| E|CS|TAMS 0x00000006d5800000| PB 0x00000006d5800000| Complete 
| 855|0x00000006d5c00000, 0x00000006d6000000, 0x00000006d6000000|100%| E|CS|TAMS 0x00000006d5c00000| PB 0x00000006d5c00000| Complete 
| 856|0x00000006d6000000, 0x00000006d6400000, 0x00000006d6400000|100%| E|CS|TAMS 0x00000006d6000000| PB 0x00000006d6000000| Complete 
| 857|0x00000006d6400000, 0x00000006d6800000, 0x00000006d6800000|100%| E|CS|TAMS 0x00000006d6400000| PB 0x00000006d6400000| Complete 
| 858|0x00000006d6800000, 0x00000006d6c00000, 0x00000006d6c00000|100%| E|CS|TAMS 0x00000006d6800000| PB 0x00000006d6800000| Complete 
| 859|0x00000006d6c00000, 0x00000006d7000000, 0x00000006d7000000|100%| E|CS|TAMS 0x00000006d6c00000| PB 0x00000006d6c00000| Complete 
| 860|0x00000006d7000000, 0x00000006d7400000, 0x00000006d7400000|100%| E|CS|TAMS 0x00000006d7000000| PB 0x00000006d7000000| Complete 
| 861|0x00000006d7400000, 0x00000006d7800000, 0x00000006d7800000|100%| E|CS|TAMS 0x00000006d7400000| PB 0x00000006d7400000| Complete 
| 862|0x00000006d7800000, 0x00000006d7c00000, 0x00000006d7c00000|100%| E|CS|TAMS 0x00000006d7800000| PB 0x00000006d7800000| Complete 
| 863|0x00000006d7c00000, 0x00000006d8000000, 0x00000006d8000000|100%| E|CS|TAMS 0x00000006d7c00000| PB 0x00000006d7c00000| Complete 
| 864|0x00000006d8000000, 0x00000006d8400000, 0x00000006d8400000|100%| E|CS|TAMS 0x00000006d8000000| PB 0x00000006d8000000| Complete 
| 865|0x00000006d8400000, 0x00000006d8800000, 0x00000006d8800000|100%| E|CS|TAMS 0x00000006d8400000| PB 0x00000006d8400000| Complete 
| 866|0x00000006d8800000, 0x00000006d8c00000, 0x00000006d8c00000|100%| E|CS|TAMS 0x00000006d8800000| PB 0x00000006d8800000| Complete 
| 867|0x00000006d8c00000, 0x00000006d9000000, 0x00000006d9000000|100%| E|CS|TAMS 0x00000006d8c00000| PB 0x00000006d8c00000| Complete 
| 868|0x00000006d9000000, 0x00000006d9400000, 0x00000006d9400000|100%| E|CS|TAMS 0x00000006d9000000| PB 0x00000006d9000000| Complete 
| 869|0x00000006d9400000, 0x00000006d9800000, 0x00000006d9800000|100%| E|CS|TAMS 0x00000006d9400000| PB 0x00000006d9400000| Complete 
| 870|0x00000006d9800000, 0x00000006d9c00000, 0x00000006d9c00000|100%| E|CS|TAMS 0x00000006d9800000| PB 0x00000006d9800000| Complete 
| 871|0x00000006d9c00000, 0x00000006da000000, 0x00000006da000000|100%| E|CS|TAMS 0x00000006d9c00000| PB 0x00000006d9c00000| Complete 
| 872|0x00000006da000000, 0x00000006da400000, 0x00000006da400000|100%| E|CS|TAMS 0x00000006da000000| PB 0x00000006da000000| Complete 
| 873|0x00000006da400000, 0x00000006da800000, 0x00000006da800000|100%| E|CS|TAMS 0x00000006da400000| PB 0x00000006da400000| Complete 
| 874|0x00000006da800000, 0x00000006dac00000, 0x00000006dac00000|100%| E|CS|TAMS 0x00000006da800000| PB 0x00000006da800000| Complete 
| 875|0x00000006dac00000, 0x00000006db000000, 0x00000006db000000|100%| E|CS|TAMS 0x00000006dac00000| PB 0x00000006dac00000| Complete 
| 876|0x00000006db000000, 0x00000006db400000, 0x00000006db400000|100%| E|CS|TAMS 0x00000006db000000| PB 0x00000006db000000| Complete 
| 877|0x00000006db400000, 0x00000006db800000, 0x00000006db800000|100%| E|CS|TAMS 0x00000006db400000| PB 0x00000006db400000| Complete 
| 878|0x00000006db800000, 0x00000006dbc00000, 0x00000006dbc00000|100%| E|CS|TAMS 0x00000006db800000| PB 0x00000006db800000| Complete 
| 879|0x00000006dbc00000, 0x00000006dc000000, 0x00000006dc000000|100%| E|CS|TAMS 0x00000006dbc00000| PB 0x00000006dbc00000| Complete 
| 880|0x00000006dc000000, 0x00000006dc400000, 0x00000006dc400000|100%| E|CS|TAMS 0x00000006dc000000| PB 0x00000006dc000000| Complete 
| 881|0x00000006dc400000, 0x00000006dc800000, 0x00000006dc800000|100%| E|CS|TAMS 0x00000006dc400000| PB 0x00000006dc400000| Complete 
| 882|0x00000006dc800000, 0x00000006dcc00000, 0x00000006dcc00000|100%| E|CS|TAMS 0x00000006dc800000| PB 0x00000006dc800000| Complete 
| 883|0x00000006dcc00000, 0x00000006dd000000, 0x00000006dd000000|100%| E|CS|TAMS 0x00000006dcc00000| PB 0x00000006dcc00000| Complete 
| 884|0x00000006dd000000, 0x00000006dd400000, 0x00000006dd400000|100%| E|CS|TAMS 0x00000006dd000000| PB 0x00000006dd000000| Complete 
| 885|0x00000006dd400000, 0x00000006dd800000, 0x00000006dd800000|100%| E|CS|TAMS 0x00000006dd400000| PB 0x00000006dd400000| Complete 
| 886|0x00000006dd800000, 0x00000006ddc00000, 0x00000006ddc00000|100%| E|CS|TAMS 0x00000006dd800000| PB 0x00000006dd800000| Complete 
| 887|0x00000006ddc00000, 0x00000006de000000, 0x00000006de000000|100%| E|CS|TAMS 0x00000006ddc00000| PB 0x00000006ddc00000| Complete 
| 888|0x00000006de000000, 0x00000006de400000, 0x00000006de400000|100%| E|CS|TAMS 0x00000006de000000| PB 0x00000006de000000| Complete 
| 889|0x00000006de400000, 0x00000006de800000, 0x00000006de800000|100%| E|CS|TAMS 0x00000006de400000| PB 0x00000006de400000| Complete 
| 890|0x00000006de800000, 0x00000006dec00000, 0x00000006dec00000|100%| E|CS|TAMS 0x00000006de800000| PB 0x00000006de800000| Complete 
| 891|0x00000006dec00000, 0x00000006df000000, 0x00000006df000000|100%| E|CS|TAMS 0x00000006dec00000| PB 0x00000006dec00000| Complete 
| 892|0x00000006df000000, 0x00000006df400000, 0x00000006df400000|100%| E|CS|TAMS 0x00000006df000000| PB 0x00000006df000000| Complete 
| 893|0x00000006df400000, 0x00000006df800000, 0x00000006df800000|100%| E|CS|TAMS 0x00000006df400000| PB 0x00000006df400000| Complete 
| 894|0x00000006df800000, 0x00000006dfc00000, 0x00000006dfc00000|100%| E|CS|TAMS 0x00000006df800000| PB 0x00000006df800000| Complete 
| 895|0x00000006dfc00000, 0x00000006e0000000, 0x00000006e0000000|100%| E|CS|TAMS 0x00000006dfc00000| PB 0x00000006dfc00000| Complete 
| 896|0x00000006e0000000, 0x00000006e0400000, 0x00000006e0400000|100%| E|CS|TAMS 0x00000006e0000000| PB 0x00000006e0000000| Complete 
| 897|0x00000006e0400000, 0x00000006e0800000, 0x00000006e0800000|100%| E|CS|TAMS 0x00000006e0400000| PB 0x00000006e0400000| Complete 
| 898|0x00000006e0800000, 0x00000006e0c00000, 0x00000006e0c00000|100%| E|CS|TAMS 0x00000006e0800000| PB 0x00000006e0800000| Complete 
| 899|0x00000006e0c00000, 0x00000006e1000000, 0x00000006e1000000|100%| E|CS|TAMS 0x00000006e0c00000| PB 0x00000006e0c00000| Complete 
| 900|0x00000006e1000000, 0x00000006e1400000, 0x00000006e1400000|100%| E|CS|TAMS 0x00000006e1000000| PB 0x00000006e1000000| Complete 
| 901|0x00000006e1400000, 0x00000006e1800000, 0x00000006e1800000|100%| E|CS|TAMS 0x00000006e1400000| PB 0x00000006e1400000| Complete 
| 902|0x00000006e1800000, 0x00000006e1c00000, 0x00000006e1c00000|100%| E|CS|TAMS 0x00000006e1800000| PB 0x00000006e1800000| Complete 
| 903|0x00000006e1c00000, 0x00000006e2000000, 0x00000006e2000000|100%| E|CS|TAMS 0x00000006e1c00000| PB 0x00000006e1c00000| Complete 
| 904|0x00000006e2000000, 0x00000006e2400000, 0x00000006e2400000|100%| E|CS|TAMS 0x00000006e2000000| PB 0x00000006e2000000| Complete 
| 905|0x00000006e2400000, 0x00000006e2800000, 0x00000006e2800000|100%| E|CS|TAMS 0x00000006e2400000| PB 0x00000006e2400000| Complete 
| 906|0x00000006e2800000, 0x00000006e2c00000, 0x00000006e2c00000|100%| E|CS|TAMS 0x00000006e2800000| PB 0x00000006e2800000| Complete 
| 907|0x00000006e2c00000, 0x00000006e3000000, 0x00000006e3000000|100%| E|CS|TAMS 0x00000006e2c00000| PB 0x00000006e2c00000| Complete 
| 908|0x00000006e3000000, 0x00000006e3400000, 0x00000006e3400000|100%| E|CS|TAMS 0x00000006e3000000| PB 0x00000006e3000000| Complete 
| 909|0x00000006e3400000, 0x00000006e3800000, 0x00000006e3800000|100%| E|CS|TAMS 0x00000006e3400000| PB 0x00000006e3400000| Complete 
| 910|0x00000006e3800000, 0x00000006e3c00000, 0x00000006e3c00000|100%| E|CS|TAMS 0x00000006e3800000| PB 0x00000006e3800000| Complete 
| 911|0x00000006e3c00000, 0x00000006e4000000, 0x00000006e4000000|100%| E|CS|TAMS 0x00000006e3c00000| PB 0x00000006e3c00000| Complete 
| 912|0x00000006e4000000, 0x00000006e4400000, 0x00000006e4400000|100%| E|CS|TAMS 0x00000006e4000000| PB 0x00000006e4000000| Complete 
| 913|0x00000006e4400000, 0x00000006e4800000, 0x00000006e4800000|100%| E|CS|TAMS 0x00000006e4400000| PB 0x00000006e4400000| Complete 
| 914|0x00000006e4800000, 0x00000006e4c00000, 0x00000006e4c00000|100%| E|CS|TAMS 0x00000006e4800000| PB 0x00000006e4800000| Complete 
| 915|0x00000006e4c00000, 0x00000006e5000000, 0x00000006e5000000|100%| E|CS|TAMS 0x00000006e4c00000| PB 0x00000006e4c00000| Complete 
| 916|0x00000006e5000000, 0x00000006e5400000, 0x00000006e5400000|100%| E|CS|TAMS 0x00000006e5000000| PB 0x00000006e5000000| Complete 
| 917|0x00000006e5400000, 0x00000006e5800000, 0x00000006e5800000|100%| E|CS|TAMS 0x00000006e5400000| PB 0x00000006e5400000| Complete 
| 918|0x00000006e5800000, 0x00000006e5c00000, 0x00000006e5c00000|100%| E|CS|TAMS 0x00000006e5800000| PB 0x00000006e5800000| Complete 
| 919|0x00000006e5c00000, 0x00000006e6000000, 0x00000006e6000000|100%| E|CS|TAMS 0x00000006e5c00000| PB 0x00000006e5c00000| Complete 
| 920|0x00000006e6000000, 0x00000006e6400000, 0x00000006e6400000|100%| E|CS|TAMS 0x00000006e6000000| PB 0x00000006e6000000| Complete 
| 921|0x00000006e6400000, 0x00000006e6800000, 0x00000006e6800000|100%| E|CS|TAMS 0x00000006e6400000| PB 0x00000006e6400000| Complete 
| 922|0x00000006e6800000, 0x00000006e6c00000, 0x00000006e6c00000|100%| E|CS|TAMS 0x00000006e6800000| PB 0x00000006e6800000| Complete 
| 923|0x00000006e6c00000, 0x00000006e7000000, 0x00000006e7000000|100%| E|CS|TAMS 0x00000006e6c00000| PB 0x00000006e6c00000| Complete 
| 924|0x00000006e7000000, 0x00000006e7400000, 0x00000006e7400000|100%| E|CS|TAMS 0x00000006e7000000| PB 0x00000006e7000000| Complete 
| 925|0x00000006e7400000, 0x00000006e7800000, 0x00000006e7800000|100%| E|CS|TAMS 0x00000006e7400000| PB 0x00000006e7400000| Complete 
| 926|0x00000006e7800000, 0x00000006e7c00000, 0x00000006e7c00000|100%| E|CS|TAMS 0x00000006e7800000| PB 0x00000006e7800000| Complete 
| 927|0x00000006e7c00000, 0x00000006e8000000, 0x00000006e8000000|100%| E|CS|TAMS 0x00000006e7c00000| PB 0x00000006e7c00000| Complete 
| 928|0x00000006e8000000, 0x00000006e8400000, 0x00000006e8400000|100%| E|CS|TAMS 0x00000006e8000000| PB 0x00000006e8000000| Complete 
| 929|0x00000006e8400000, 0x00000006e8800000, 0x00000006e8800000|100%| E|CS|TAMS 0x00000006e8400000| PB 0x00000006e8400000| Complete 
| 930|0x00000006e8800000, 0x00000006e8c00000, 0x00000006e8c00000|100%| E|CS|TAMS 0x00000006e8800000| PB 0x00000006e8800000| Complete 
| 931|0x00000006e8c00000, 0x00000006e9000000, 0x00000006e9000000|100%| E|CS|TAMS 0x00000006e8c00000| PB 0x00000006e8c00000| Complete 
| 932|0x00000006e9000000, 0x00000006e9400000, 0x00000006e9400000|100%| E|CS|TAMS 0x00000006e9000000| PB 0x00000006e9000000| Complete 
| 933|0x00000006e9400000, 0x00000006e9800000, 0x00000006e9800000|100%| E|CS|TAMS 0x00000006e9400000| PB 0x00000006e9400000| Complete 
| 934|0x00000006e9800000, 0x00000006e9c00000, 0x00000006e9c00000|100%| E|CS|TAMS 0x00000006e9800000| PB 0x00000006e9800000| Complete 
| 935|0x00000006e9c00000, 0x00000006ea000000, 0x00000006ea000000|100%| E|CS|TAMS 0x00000006e9c00000| PB 0x00000006e9c00000| Complete 
| 936|0x00000006ea000000, 0x00000006ea400000, 0x00000006ea400000|100%| E|CS|TAMS 0x00000006ea000000| PB 0x00000006ea000000| Complete 
| 937|0x00000006ea400000, 0x00000006ea800000, 0x00000006ea800000|100%| E|CS|TAMS 0x00000006ea400000| PB 0x00000006ea400000| Complete 
| 938|0x00000006ea800000, 0x00000006eac00000, 0x00000006eac00000|100%| E|CS|TAMS 0x00000006ea800000| PB 0x00000006ea800000| Complete 
| 939|0x00000006eac00000, 0x00000006eb000000, 0x00000006eb000000|100%| E|CS|TAMS 0x00000006eac00000| PB 0x00000006eac00000| Complete 
| 940|0x00000006eb000000, 0x00000006eb400000, 0x00000006eb400000|100%| E|CS|TAMS 0x00000006eb000000| PB 0x00000006eb000000| Complete 
| 941|0x00000006eb400000, 0x00000006eb800000, 0x00000006eb800000|100%| E|CS|TAMS 0x00000006eb400000| PB 0x00000006eb400000| Complete 
| 942|0x00000006eb800000, 0x00000006ebc00000, 0x00000006ebc00000|100%| E|CS|TAMS 0x00000006eb800000| PB 0x00000006eb800000| Complete 
| 943|0x00000006ebc00000, 0x00000006ec000000, 0x00000006ec000000|100%| E|CS|TAMS 0x00000006ebc00000| PB 0x00000006ebc00000| Complete 
| 944|0x00000006ec000000, 0x00000006ec400000, 0x00000006ec400000|100%| E|CS|TAMS 0x00000006ec000000| PB 0x00000006ec000000| Complete 
| 945|0x00000006ec400000, 0x00000006ec800000, 0x00000006ec800000|100%| E|CS|TAMS 0x00000006ec400000| PB 0x00000006ec400000| Complete 
| 946|0x00000006ec800000, 0x00000006ecc00000, 0x00000006ecc00000|100%| E|CS|TAMS 0x00000006ec800000| PB 0x00000006ec800000| Complete 
| 947|0x00000006ecc00000, 0x00000006ed000000, 0x00000006ed000000|100%| E|CS|TAMS 0x00000006ecc00000| PB 0x00000006ecc00000| Complete 
| 948|0x00000006ed000000, 0x00000006ed400000, 0x00000006ed400000|100%| E|CS|TAMS 0x00000006ed000000| PB 0x00000006ed000000| Complete 
| 949|0x00000006ed400000, 0x00000006ed800000, 0x00000006ed800000|100%| E|CS|TAMS 0x00000006ed400000| PB 0x00000006ed400000| Complete 
| 950|0x00000006ed800000, 0x00000006edc00000, 0x00000006edc00000|100%| E|CS|TAMS 0x00000006ed800000| PB 0x00000006ed800000| Complete 
| 951|0x00000006edc00000, 0x00000006ee000000, 0x00000006ee000000|100%| E|CS|TAMS 0x00000006edc00000| PB 0x00000006edc00000| Complete 
| 952|0x00000006ee000000, 0x00000006ee400000, 0x00000006ee400000|100%| E|CS|TAMS 0x00000006ee000000| PB 0x00000006ee000000| Complete 
| 953|0x00000006ee400000, 0x00000006ee800000, 0x00000006ee800000|100%| E|CS|TAMS 0x00000006ee400000| PB 0x00000006ee400000| Complete 
| 954|0x00000006ee800000, 0x00000006eec00000, 0x00000006eec00000|100%| E|CS|TAMS 0x00000006ee800000| PB 0x00000006ee800000| Complete 
| 955|0x00000006eec00000, 0x00000006ef000000, 0x00000006ef000000|100%| E|CS|TAMS 0x00000006eec00000| PB 0x00000006eec00000| Complete 
| 956|0x00000006ef000000, 0x00000006ef400000, 0x00000006ef400000|100%| E|CS|TAMS 0x00000006ef000000| PB 0x00000006ef000000| Complete 
| 957|0x00000006ef400000, 0x00000006ef800000, 0x00000006ef800000|100%| E|CS|TAMS 0x00000006ef400000| PB 0x00000006ef400000| Complete 
| 958|0x00000006ef800000, 0x00000006efc00000, 0x00000006efc00000|100%| E|CS|TAMS 0x00000006ef800000| PB 0x00000006ef800000| Complete 
| 959|0x00000006efc00000, 0x00000006f0000000, 0x00000006f0000000|100%| E|CS|TAMS 0x00000006efc00000| PB 0x00000006efc00000| Complete 
| 960|0x00000006f0000000, 0x00000006f0400000, 0x00000006f0400000|100%| E|CS|TAMS 0x00000006f0000000| PB 0x00000006f0000000| Complete 
| 961|0x00000006f0400000, 0x00000006f0800000, 0x00000006f0800000|100%| E|CS|TAMS 0x00000006f0400000| PB 0x00000006f0400000| Complete 
| 962|0x00000006f0800000, 0x00000006f0c00000, 0x00000006f0c00000|100%| E|CS|TAMS 0x00000006f0800000| PB 0x00000006f0800000| Complete 
| 963|0x00000006f0c00000, 0x00000006f1000000, 0x00000006f1000000|100%| E|CS|TAMS 0x00000006f0c00000| PB 0x00000006f0c00000| Complete 
| 964|0x00000006f1000000, 0x00000006f1400000, 0x00000006f1400000|100%| E|CS|TAMS 0x00000006f1000000| PB 0x00000006f1000000| Complete 
| 965|0x00000006f1400000, 0x00000006f1800000, 0x00000006f1800000|100%| E|CS|TAMS 0x00000006f1400000| PB 0x00000006f1400000| Complete 
| 966|0x00000006f1800000, 0x00000006f1c00000, 0x00000006f1c00000|100%| E|CS|TAMS 0x00000006f1800000| PB 0x00000006f1800000| Complete 
| 967|0x00000006f1c00000, 0x00000006f2000000, 0x00000006f2000000|100%| E|CS|TAMS 0x00000006f1c00000| PB 0x00000006f1c00000| Complete 
| 968|0x00000006f2000000, 0x00000006f2400000, 0x00000006f2400000|100%| E|CS|TAMS 0x00000006f2000000| PB 0x00000006f2000000| Complete 
| 969|0x00000006f2400000, 0x00000006f2800000, 0x00000006f2800000|100%| E|CS|TAMS 0x00000006f2400000| PB 0x00000006f2400000| Complete 
| 970|0x00000006f2800000, 0x00000006f2c00000, 0x00000006f2c00000|100%| E|CS|TAMS 0x00000006f2800000| PB 0x00000006f2800000| Complete 
| 971|0x00000006f2c00000, 0x00000006f3000000, 0x00000006f3000000|100%| E|CS|TAMS 0x00000006f2c00000| PB 0x00000006f2c00000| Complete 
| 972|0x00000006f3000000, 0x00000006f3400000, 0x00000006f3400000|100%| E|CS|TAMS 0x00000006f3000000| PB 0x00000006f3000000| Complete 
| 973|0x00000006f3400000, 0x00000006f3800000, 0x00000006f3800000|100%| E|CS|TAMS 0x00000006f3400000| PB 0x00000006f3400000| Complete 
| 974|0x00000006f3800000, 0x00000006f3c00000, 0x00000006f3c00000|100%| E|CS|TAMS 0x00000006f3800000| PB 0x00000006f3800000| Complete 
| 975|0x00000006f3c00000, 0x00000006f4000000, 0x00000006f4000000|100%| E|CS|TAMS 0x00000006f3c00000| PB 0x00000006f3c00000| Complete 
| 976|0x00000006f4000000, 0x00000006f4400000, 0x00000006f4400000|100%| E|CS|TAMS 0x00000006f4000000| PB 0x00000006f4000000| Complete 
| 977|0x00000006f4400000, 0x00000006f4800000, 0x00000006f4800000|100%| E|CS|TAMS 0x00000006f4400000| PB 0x00000006f4400000| Complete 
| 978|0x00000006f4800000, 0x00000006f4c00000, 0x00000006f4c00000|100%| E|CS|TAMS 0x00000006f4800000| PB 0x00000006f4800000| Complete 
| 979|0x00000006f4c00000, 0x00000006f5000000, 0x00000006f5000000|100%| E|CS|TAMS 0x00000006f4c00000| PB 0x00000006f4c00000| Complete 
| 980|0x00000006f5000000, 0x00000006f5400000, 0x00000006f5400000|100%| E|CS|TAMS 0x00000006f5000000| PB 0x00000006f5000000| Complete 
| 981|0x00000006f5400000, 0x00000006f5800000, 0x00000006f5800000|100%| E|CS|TAMS 0x00000006f5400000| PB 0x00000006f5400000| Complete 
| 982|0x00000006f5800000, 0x00000006f5c00000, 0x00000006f5c00000|100%| E|CS|TAMS 0x00000006f5800000| PB 0x00000006f5800000| Complete 
| 983|0x00000006f5c00000, 0x00000006f6000000, 0x00000006f6000000|100%| E|CS|TAMS 0x00000006f5c00000| PB 0x00000006f5c00000| Complete 
| 984|0x00000006f6000000, 0x00000006f6400000, 0x00000006f6400000|100%| E|CS|TAMS 0x00000006f6000000| PB 0x00000006f6000000| Complete 
| 985|0x00000006f6400000, 0x00000006f6800000, 0x00000006f6800000|100%| E|CS|TAMS 0x00000006f6400000| PB 0x00000006f6400000| Complete 
| 986|0x00000006f6800000, 0x00000006f6c00000, 0x00000006f6c00000|100%| E|CS|TAMS 0x00000006f6800000| PB 0x00000006f6800000| Complete 
| 987|0x00000006f6c00000, 0x00000006f7000000, 0x00000006f7000000|100%| E|CS|TAMS 0x00000006f6c00000| PB 0x00000006f6c00000| Complete 
| 988|0x00000006f7000000, 0x00000006f7400000, 0x00000006f7400000|100%| E|CS|TAMS 0x00000006f7000000| PB 0x00000006f7000000| Complete 
| 989|0x00000006f7400000, 0x00000006f7800000, 0x00000006f7800000|100%| E|CS|TAMS 0x00000006f7400000| PB 0x00000006f7400000| Complete 
| 990|0x00000006f7800000, 0x00000006f7c00000, 0x00000006f7c00000|100%| E|CS|TAMS 0x00000006f7800000| PB 0x00000006f7800000| Complete 
| 991|0x00000006f7c00000, 0x00000006f8000000, 0x00000006f8000000|100%| E|CS|TAMS 0x00000006f7c00000| PB 0x00000006f7c00000| Complete 
| 992|0x00000006f8000000, 0x00000006f8400000, 0x00000006f8400000|100%| E|CS|TAMS 0x00000006f8000000| PB 0x00000006f8000000| Complete 
| 993|0x00000006f8400000, 0x00000006f8800000, 0x00000006f8800000|100%| E|CS|TAMS 0x00000006f8400000| PB 0x00000006f8400000| Complete 
| 994|0x00000006f8800000, 0x00000006f8c00000, 0x00000006f8c00000|100%| E|CS|TAMS 0x00000006f8800000| PB 0x00000006f8800000| Complete 
| 995|0x00000006f8c00000, 0x00000006f9000000, 0x00000006f9000000|100%| E|CS|TAMS 0x00000006f8c00000| PB 0x00000006f8c00000| Complete 
| 996|0x00000006f9000000, 0x00000006f9400000, 0x00000006f9400000|100%| E|CS|TAMS 0x00000006f9000000| PB 0x00000006f9000000| Complete 
| 997|0x00000006f9400000, 0x00000006f9800000, 0x00000006f9800000|100%| E|CS|TAMS 0x00000006f9400000| PB 0x00000006f9400000| Complete 
| 998|0x00000006f9800000, 0x00000006f9c00000, 0x00000006f9c00000|100%| E|CS|TAMS 0x00000006f9800000| PB 0x00000006f9800000| Complete 
| 999|0x00000006f9c00000, 0x00000006fa000000, 0x00000006fa000000|100%| E|CS|TAMS 0x00000006f9c00000| PB 0x00000006f9c00000| Complete 
|1000|0x00000006fa000000, 0x00000006fa400000, 0x00000006fa400000|100%| E|CS|TAMS 0x00000006fa000000| PB 0x00000006fa000000| Complete 
|1001|0x00000006fa400000, 0x00000006fa800000, 0x00000006fa800000|100%| E|CS|TAMS 0x00000006fa400000| PB 0x00000006fa400000| Complete 
|1002|0x00000006fa800000, 0x00000006fac00000, 0x00000006fac00000|100%| E|CS|TAMS 0x00000006fa800000| PB 0x00000006fa800000| Complete 
|1003|0x00000006fac00000, 0x00000006fb000000, 0x00000006fb000000|100%| E|CS|TAMS 0x00000006fac00000| PB 0x00000006fac00000| Complete 
|1004|0x00000006fb000000, 0x00000006fb400000, 0x00000006fb400000|100%| E|CS|TAMS 0x00000006fb000000| PB 0x00000006fb000000| Complete 
|1005|0x00000006fb400000, 0x00000006fb800000, 0x00000006fb800000|100%| E|CS|TAMS 0x00000006fb400000| PB 0x00000006fb400000| Complete 
|1006|0x00000006fb800000, 0x00000006fbc00000, 0x00000006fbc00000|100%| E|CS|TAMS 0x00000006fb800000| PB 0x00000006fb800000| Complete 
|1007|0x00000006fbc00000, 0x00000006fc000000, 0x00000006fc000000|100%| E|CS|TAMS 0x00000006fbc00000| PB 0x00000006fbc00000| Complete 
|1008|0x00000006fc000000, 0x00000006fc400000, 0x00000006fc400000|100%| E|CS|TAMS 0x00000006fc000000| PB 0x00000006fc000000| Complete 
|1009|0x00000006fc400000, 0x00000006fc800000, 0x00000006fc800000|100%| E|CS|TAMS 0x00000006fc400000| PB 0x00000006fc400000| Complete 
|1010|0x00000006fc800000, 0x00000006fcc00000, 0x00000006fcc00000|100%| E|CS|TAMS 0x00000006fc800000| PB 0x00000006fc800000| Complete 
|1011|0x00000006fcc00000, 0x00000006fd000000, 0x00000006fd000000|100%| E|CS|TAMS 0x00000006fcc00000| PB 0x00000006fcc00000| Complete 
|1012|0x00000006fd000000, 0x00000006fd400000, 0x00000006fd400000|100%| E|CS|TAMS 0x00000006fd000000| PB 0x00000006fd000000| Complete 
|1013|0x00000006fd400000, 0x00000006fd800000, 0x00000006fd800000|100%| E|CS|TAMS 0x00000006fd400000| PB 0x00000006fd400000| Complete 
|1014|0x00000006fd800000, 0x00000006fdc00000, 0x00000006fdc00000|100%| E|CS|TAMS 0x00000006fd800000| PB 0x00000006fd800000| Complete 
|1015|0x00000006fdc00000, 0x00000006fe000000, 0x00000006fe000000|100%| E|CS|TAMS 0x00000006fdc00000| PB 0x00000006fdc00000| Complete 
|1016|0x00000006fe000000, 0x00000006fe400000, 0x00000006fe400000|100%| E|CS|TAMS 0x00000006fe000000| PB 0x00000006fe000000| Complete 
|1017|0x00000006fe400000, 0x00000006fe800000, 0x00000006fe800000|100%| E|CS|TAMS 0x00000006fe400000| PB 0x00000006fe400000| Complete 
|1018|0x00000006fe800000, 0x00000006fec00000, 0x00000006fec00000|100%| E|CS|TAMS 0x00000006fe800000| PB 0x00000006fe800000| Complete 
|1019|0x00000006fec00000, 0x00000006ff000000, 0x00000006ff000000|100%| E|CS|TAMS 0x00000006fec00000| PB 0x00000006fec00000| Complete 
|1020|0x00000006ff000000, 0x00000006ff400000, 0x00000006ff400000|100%| E|CS|TAMS 0x00000006ff000000| PB 0x00000006ff000000| Complete 
|1021|0x00000006ff400000, 0x00000006ff800000, 0x00000006ff800000|100%| E|CS|TAMS 0x00000006ff400000| PB 0x00000006ff400000| Complete 
|1022|0x00000006ff800000, 0x00000006ffc00000, 0x00000006ffc00000|100%| E|CS|TAMS 0x00000006ff800000| PB 0x00000006ff800000| Complete 
|1023|0x00000006ffc00000, 0x0000000700000000, 0x0000000700000000|100%| E|CS|TAMS 0x00000006ffc00000| PB 0x00000006ffc00000| Complete 
|1024|0x0000000700000000, 0x0000000700400000, 0x0000000700400000|100%| E|CS|TAMS 0x0000000700000000| PB 0x0000000700000000| Complete 
|1025|0x0000000700400000, 0x0000000700800000, 0x0000000700800000|100%| E|CS|TAMS 0x0000000700400000| PB 0x0000000700400000| Complete 
|1026|0x0000000700800000, 0x0000000700c00000, 0x0000000700c00000|100%| E|CS|TAMS 0x0000000700800000| PB 0x0000000700800000| Complete 
|1027|0x0000000700c00000, 0x0000000701000000, 0x0000000701000000|100%| E|CS|TAMS 0x0000000700c00000| PB 0x0000000700c00000| Complete 
|1028|0x0000000701000000, 0x0000000701400000, 0x0000000701400000|100%| E|CS|TAMS 0x0000000701000000| PB 0x0000000701000000| Complete 
|1029|0x0000000701400000, 0x0000000701800000, 0x0000000701800000|100%| E|CS|TAMS 0x0000000701400000| PB 0x0000000701400000| Complete 
|1030|0x0000000701800000, 0x0000000701c00000, 0x0000000701c00000|100%| E|CS|TAMS 0x0000000701800000| PB 0x0000000701800000| Complete 
|1031|0x0000000701c00000, 0x0000000702000000, 0x0000000702000000|100%| E|CS|TAMS 0x0000000701c00000| PB 0x0000000701c00000| Complete 
|1032|0x0000000702000000, 0x0000000702400000, 0x0000000702400000|100%| E|CS|TAMS 0x0000000702000000| PB 0x0000000702000000| Complete 
|1033|0x0000000702400000, 0x0000000702800000, 0x0000000702800000|100%| E|CS|TAMS 0x0000000702400000| PB 0x0000000702400000| Complete 
|1034|0x0000000702800000, 0x0000000702c00000, 0x0000000702c00000|100%| E|CS|TAMS 0x0000000702800000| PB 0x0000000702800000| Complete 
|1035|0x0000000702c00000, 0x0000000703000000, 0x0000000703000000|100%| E|CS|TAMS 0x0000000702c00000| PB 0x0000000702c00000| Complete 
|1036|0x0000000703000000, 0x0000000703400000, 0x0000000703400000|100%| E|CS|TAMS 0x0000000703000000| PB 0x0000000703000000| Complete 
|1037|0x0000000703400000, 0x0000000703800000, 0x0000000703800000|100%| E|CS|TAMS 0x0000000703400000| PB 0x0000000703400000| Complete 
|1038|0x0000000703800000, 0x0000000703c00000, 0x0000000703c00000|100%| E|CS|TAMS 0x0000000703800000| PB 0x0000000703800000| Complete 
|1039|0x0000000703c00000, 0x0000000704000000, 0x0000000704000000|100%| E|CS|TAMS 0x0000000703c00000| PB 0x0000000703c00000| Complete 
|1040|0x0000000704000000, 0x0000000704400000, 0x0000000704400000|100%| E|CS|TAMS 0x0000000704000000| PB 0x0000000704000000| Complete 
|1041|0x0000000704400000, 0x0000000704800000, 0x0000000704800000|100%| E|CS|TAMS 0x0000000704400000| PB 0x0000000704400000| Complete 
|1042|0x0000000704800000, 0x0000000704c00000, 0x0000000704c00000|100%| E|CS|TAMS 0x0000000704800000| PB 0x0000000704800000| Complete 
|1043|0x0000000704c00000, 0x0000000705000000, 0x0000000705000000|100%| E|CS|TAMS 0x0000000704c00000| PB 0x0000000704c00000| Complete 
|1044|0x0000000705000000, 0x0000000705400000, 0x0000000705400000|100%| E|CS|TAMS 0x0000000705000000| PB 0x0000000705000000| Complete 
|1045|0x0000000705400000, 0x0000000705800000, 0x0000000705800000|100%| E|CS|TAMS 0x0000000705400000| PB 0x0000000705400000| Complete 
|1046|0x0000000705800000, 0x0000000705c00000, 0x0000000705c00000|100%| E|CS|TAMS 0x0000000705800000| PB 0x0000000705800000| Complete 
|1047|0x0000000705c00000, 0x0000000706000000, 0x0000000706000000|100%| E|CS|TAMS 0x0000000705c00000| PB 0x0000000705c00000| Complete 
|1048|0x0000000706000000, 0x0000000706400000, 0x0000000706400000|100%| E|CS|TAMS 0x0000000706000000| PB 0x0000000706000000| Complete 
|1049|0x0000000706400000, 0x0000000706800000, 0x0000000706800000|100%| E|CS|TAMS 0x0000000706400000| PB 0x0000000706400000| Complete 
|1050|0x0000000706800000, 0x0000000706c00000, 0x0000000706c00000|100%| E|CS|TAMS 0x0000000706800000| PB 0x0000000706800000| Complete 
|1051|0x0000000706c00000, 0x0000000707000000, 0x0000000707000000|100%| E|CS|TAMS 0x0000000706c00000| PB 0x0000000706c00000| Complete 
|1052|0x0000000707000000, 0x0000000707400000, 0x0000000707400000|100%| E|CS|TAMS 0x0000000707000000| PB 0x0000000707000000| Complete 
|1053|0x0000000707400000, 0x0000000707800000, 0x0000000707800000|100%| E|CS|TAMS 0x0000000707400000| PB 0x0000000707400000| Complete 
|1054|0x0000000707800000, 0x0000000707c00000, 0x0000000707c00000|100%| E|CS|TAMS 0x0000000707800000| PB 0x0000000707800000| Complete 
|1055|0x0000000707c00000, 0x0000000708000000, 0x0000000708000000|100%| E|CS|TAMS 0x0000000707c00000| PB 0x0000000707c00000| Complete 
|1056|0x0000000708000000, 0x0000000708400000, 0x0000000708400000|100%| E|CS|TAMS 0x0000000708000000| PB 0x0000000708000000| Complete 
|1057|0x0000000708400000, 0x0000000708800000, 0x0000000708800000|100%| E|CS|TAMS 0x0000000708400000| PB 0x0000000708400000| Complete 
|1058|0x0000000708800000, 0x0000000708c00000, 0x0000000708c00000|100%| E|CS|TAMS 0x0000000708800000| PB 0x0000000708800000| Complete 
|1059|0x0000000708c00000, 0x0000000709000000, 0x0000000709000000|100%| E|CS|TAMS 0x0000000708c00000| PB 0x0000000708c00000| Complete 
|1060|0x0000000709000000, 0x0000000709400000, 0x0000000709400000|100%| E|CS|TAMS 0x0000000709000000| PB 0x0000000709000000| Complete 
|1061|0x0000000709400000, 0x0000000709800000, 0x0000000709800000|100%| E|CS|TAMS 0x0000000709400000| PB 0x0000000709400000| Complete 
|1062|0x0000000709800000, 0x0000000709c00000, 0x0000000709c00000|100%| E|CS|TAMS 0x0000000709800000| PB 0x0000000709800000| Complete 
|1063|0x0000000709c00000, 0x000000070a000000, 0x000000070a000000|100%| E|CS|TAMS 0x0000000709c00000| PB 0x0000000709c00000| Complete 
|1064|0x000000070a000000, 0x000000070a400000, 0x000000070a400000|100%| E|CS|TAMS 0x000000070a000000| PB 0x000000070a000000| Complete 
|1065|0x000000070a400000, 0x000000070a800000, 0x000000070a800000|100%| E|CS|TAMS 0x000000070a400000| PB 0x000000070a400000| Complete 
|1066|0x000000070a800000, 0x000000070ac00000, 0x000000070ac00000|100%| E|CS|TAMS 0x000000070a800000| PB 0x000000070a800000| Complete 
|1067|0x000000070ac00000, 0x000000070b000000, 0x000000070b000000|100%| E|CS|TAMS 0x000000070ac00000| PB 0x000000070ac00000| Complete 
|1068|0x000000070b000000, 0x000000070b400000, 0x000000070b400000|100%| E|CS|TAMS 0x000000070b000000| PB 0x000000070b000000| Complete 
|1069|0x000000070b400000, 0x000000070b800000, 0x000000070b800000|100%| E|CS|TAMS 0x000000070b400000| PB 0x000000070b400000| Complete 
|1070|0x000000070b800000, 0x000000070bc00000, 0x000000070bc00000|100%| E|CS|TAMS 0x000000070b800000| PB 0x000000070b800000| Complete 
|1071|0x000000070bc00000, 0x000000070c000000, 0x000000070c000000|100%| E|CS|TAMS 0x000000070bc00000| PB 0x000000070bc00000| Complete 
|1072|0x000000070c000000, 0x000000070c400000, 0x000000070c400000|100%| E|CS|TAMS 0x000000070c000000| PB 0x000000070c000000| Complete 
|1073|0x000000070c400000, 0x000000070c800000, 0x000000070c800000|100%| E|CS|TAMS 0x000000070c400000| PB 0x000000070c400000| Complete 
|1074|0x000000070c800000, 0x000000070cc00000, 0x000000070cc00000|100%| E|CS|TAMS 0x000000070c800000| PB 0x000000070c800000| Complete 
|1075|0x000000070cc00000, 0x000000070d000000, 0x000000070d000000|100%| E|CS|TAMS 0x000000070cc00000| PB 0x000000070cc00000| Complete 
|1076|0x000000070d000000, 0x000000070d400000, 0x000000070d400000|100%| E|CS|TAMS 0x000000070d000000| PB 0x000000070d000000| Complete 
|1077|0x000000070d400000, 0x000000070d800000, 0x000000070d800000|100%| E|CS|TAMS 0x000000070d400000| PB 0x000000070d400000| Complete 
|1078|0x000000070d800000, 0x000000070dc00000, 0x000000070dc00000|100%| E|CS|TAMS 0x000000070d800000| PB 0x000000070d800000| Complete 
|1079|0x000000070dc00000, 0x000000070e000000, 0x000000070e000000|100%| E|CS|TAMS 0x000000070dc00000| PB 0x000000070dc00000| Complete 
|1080|0x000000070e000000, 0x000000070e400000, 0x000000070e400000|100%| E|CS|TAMS 0x000000070e000000| PB 0x000000070e000000| Complete 
|1081|0x000000070e400000, 0x000000070e800000, 0x000000070e800000|100%| E|CS|TAMS 0x000000070e400000| PB 0x000000070e400000| Complete 
|1082|0x000000070e800000, 0x000000070ec00000, 0x000000070ec00000|100%| E|CS|TAMS 0x000000070e800000| PB 0x000000070e800000| Complete 
|1083|0x000000070ec00000, 0x000000070f000000, 0x000000070f000000|100%| E|CS|TAMS 0x000000070ec00000| PB 0x000000070ec00000| Complete 
|1084|0x000000070f000000, 0x000000070f400000, 0x000000070f400000|100%| E|CS|TAMS 0x000000070f000000| PB 0x000000070f000000| Complete 
|1085|0x000000070f400000, 0x000000070f800000, 0x000000070f800000|100%| E|CS|TAMS 0x000000070f400000| PB 0x000000070f400000| Complete 
|1086|0x000000070f800000, 0x000000070fc00000, 0x000000070fc00000|100%| E|CS|TAMS 0x000000070f800000| PB 0x000000070f800000| Complete 
|1087|0x000000070fc00000, 0x0000000710000000, 0x0000000710000000|100%| E|CS|TAMS 0x000000070fc00000| PB 0x000000070fc00000| Complete 
|1088|0x0000000710000000, 0x0000000710400000, 0x0000000710400000|100%| E|CS|TAMS 0x0000000710000000| PB 0x0000000710000000| Complete 
|1089|0x0000000710400000, 0x0000000710800000, 0x0000000710800000|100%| E|CS|TAMS 0x0000000710400000| PB 0x0000000710400000| Complete 
|1090|0x0000000710800000, 0x0000000710c00000, 0x0000000710c00000|100%| E|CS|TAMS 0x0000000710800000| PB 0x0000000710800000| Complete 
|1091|0x0000000710c00000, 0x0000000711000000, 0x0000000711000000|100%| E|CS|TAMS 0x0000000710c00000| PB 0x0000000710c00000| Complete 
|1092|0x0000000711000000, 0x0000000711400000, 0x0000000711400000|100%| E|CS|TAMS 0x0000000711000000| PB 0x0000000711000000| Complete 
|1093|0x0000000711400000, 0x0000000711800000, 0x0000000711800000|100%| E|CS|TAMS 0x0000000711400000| PB 0x0000000711400000| Complete 
|1094|0x0000000711800000, 0x0000000711c00000, 0x0000000711c00000|100%| E|CS|TAMS 0x0000000711800000| PB 0x0000000711800000| Complete 
|1095|0x0000000711c00000, 0x0000000712000000, 0x0000000712000000|100%| E|CS|TAMS 0x0000000711c00000| PB 0x0000000711c00000| Complete 
|1096|0x0000000712000000, 0x0000000712400000, 0x0000000712400000|100%| E|CS|TAMS 0x0000000712000000| PB 0x0000000712000000| Complete 
|1097|0x0000000712400000, 0x0000000712800000, 0x0000000712800000|100%| E|CS|TAMS 0x0000000712400000| PB 0x0000000712400000| Complete 
|1098|0x0000000712800000, 0x0000000712c00000, 0x0000000712c00000|100%| E|CS|TAMS 0x0000000712800000| PB 0x0000000712800000| Complete 
|1099|0x0000000712c00000, 0x0000000713000000, 0x0000000713000000|100%| E|CS|TAMS 0x0000000712c00000| PB 0x0000000712c00000| Complete 
|1100|0x0000000713000000, 0x0000000713400000, 0x0000000713400000|100%| E|CS|TAMS 0x0000000713000000| PB 0x0000000713000000| Complete 
|1101|0x0000000713400000, 0x0000000713800000, 0x0000000713800000|100%| E|CS|TAMS 0x0000000713400000| PB 0x0000000713400000| Complete 
|1102|0x0000000713800000, 0x0000000713c00000, 0x0000000713c00000|100%| E|CS|TAMS 0x0000000713800000| PB 0x0000000713800000| Complete 
|1103|0x0000000713c00000, 0x0000000714000000, 0x0000000714000000|100%| E|CS|TAMS 0x0000000713c00000| PB 0x0000000713c00000| Complete 
|1104|0x0000000714000000, 0x0000000714400000, 0x0000000714400000|100%| E|CS|TAMS 0x0000000714000000| PB 0x0000000714000000| Complete 
|1105|0x0000000714400000, 0x0000000714800000, 0x0000000714800000|100%| E|CS|TAMS 0x0000000714400000| PB 0x0000000714400000| Complete 
|1106|0x0000000714800000, 0x0000000714c00000, 0x0000000714c00000|100%| E|CS|TAMS 0x0000000714800000| PB 0x0000000714800000| Complete 
|1107|0x0000000714c00000, 0x0000000715000000, 0x0000000715000000|100%| E|CS|TAMS 0x0000000714c00000| PB 0x0000000714c00000| Complete 
|1108|0x0000000715000000, 0x0000000715400000, 0x0000000715400000|100%| E|CS|TAMS 0x0000000715000000| PB 0x0000000715000000| Complete 
|1109|0x0000000715400000, 0x0000000715800000, 0x0000000715800000|100%| E|CS|TAMS 0x0000000715400000| PB 0x0000000715400000| Complete 
|1110|0x0000000715800000, 0x0000000715c00000, 0x0000000715c00000|100%| E|CS|TAMS 0x0000000715800000| PB 0x0000000715800000| Complete 
|1111|0x0000000715c00000, 0x0000000716000000, 0x0000000716000000|100%| E|CS|TAMS 0x0000000715c00000| PB 0x0000000715c00000| Complete 
|1112|0x0000000716000000, 0x0000000716400000, 0x0000000716400000|100%| E|CS|TAMS 0x0000000716000000| PB 0x0000000716000000| Complete 
|1113|0x0000000716400000, 0x0000000716800000, 0x0000000716800000|100%| E|CS|TAMS 0x0000000716400000| PB 0x0000000716400000| Complete 
|1114|0x0000000716800000, 0x0000000716c00000, 0x0000000716c00000|100%| E|CS|TAMS 0x0000000716800000| PB 0x0000000716800000| Complete 
|1115|0x0000000716c00000, 0x0000000717000000, 0x0000000717000000|100%| E|CS|TAMS 0x0000000716c00000| PB 0x0000000716c00000| Complete 
|1116|0x0000000717000000, 0x0000000717400000, 0x0000000717400000|100%| E|CS|TAMS 0x0000000717000000| PB 0x0000000717000000| Complete 
|1117|0x0000000717400000, 0x0000000717800000, 0x0000000717800000|100%| E|CS|TAMS 0x0000000717400000| PB 0x0000000717400000| Complete 
|1118|0x0000000717800000, 0x0000000717c00000, 0x0000000717c00000|100%| E|CS|TAMS 0x0000000717800000| PB 0x0000000717800000| Complete 
|1119|0x0000000717c00000, 0x0000000718000000, 0x0000000718000000|100%| E|CS|TAMS 0x0000000717c00000| PB 0x0000000717c00000| Complete 
|1120|0x0000000718000000, 0x0000000718400000, 0x0000000718400000|100%| E|CS|TAMS 0x0000000718000000| PB 0x0000000718000000| Complete 
|1121|0x0000000718400000, 0x0000000718800000, 0x0000000718800000|100%| E|CS|TAMS 0x0000000718400000| PB 0x0000000718400000| Complete 
|1122|0x0000000718800000, 0x0000000718c00000, 0x0000000718c00000|100%| E|CS|TAMS 0x0000000718800000| PB 0x0000000718800000| Complete 
|1123|0x0000000718c00000, 0x0000000719000000, 0x0000000719000000|100%| E|CS|TAMS 0x0000000718c00000| PB 0x0000000718c00000| Complete 
|1124|0x0000000719000000, 0x0000000719400000, 0x0000000719400000|100%| E|CS|TAMS 0x0000000719000000| PB 0x0000000719000000| Complete 
|1125|0x0000000719400000, 0x0000000719800000, 0x0000000719800000|100%| E|CS|TAMS 0x0000000719400000| PB 0x0000000719400000| Complete 
|1126|0x0000000719800000, 0x0000000719c00000, 0x0000000719c00000|100%| E|CS|TAMS 0x0000000719800000| PB 0x0000000719800000| Complete 
|1127|0x0000000719c00000, 0x000000071a000000, 0x000000071a000000|100%| E|CS|TAMS 0x0000000719c00000| PB 0x0000000719c00000| Complete 
|1128|0x000000071a000000, 0x000000071a400000, 0x000000071a400000|100%| E|CS|TAMS 0x000000071a000000| PB 0x000000071a000000| Complete 
|1129|0x000000071a400000, 0x000000071a800000, 0x000000071a800000|100%| E|CS|TAMS 0x000000071a400000| PB 0x000000071a400000| Complete 
|1130|0x000000071a800000, 0x000000071ac00000, 0x000000071ac00000|100%| E|CS|TAMS 0x000000071a800000| PB 0x000000071a800000| Complete 
|1131|0x000000071ac00000, 0x000000071b000000, 0x000000071b000000|100%| E|CS|TAMS 0x000000071ac00000| PB 0x000000071ac00000| Complete 
|1132|0x000000071b000000, 0x000000071b400000, 0x000000071b400000|100%| E|CS|TAMS 0x000000071b000000| PB 0x000000071b000000| Complete 
|1133|0x000000071b400000, 0x000000071b800000, 0x000000071b800000|100%| E|CS|TAMS 0x000000071b400000| PB 0x000000071b400000| Complete 
|1134|0x000000071b800000, 0x000000071bc00000, 0x000000071bc00000|100%| E|CS|TAMS 0x000000071b800000| PB 0x000000071b800000| Complete 
|1135|0x000000071bc00000, 0x000000071c000000, 0x000000071c000000|100%| E|CS|TAMS 0x000000071bc00000| PB 0x000000071bc00000| Complete 
|1136|0x000000071c000000, 0x000000071c400000, 0x000000071c400000|100%| E|CS|TAMS 0x000000071c000000| PB 0x000000071c000000| Complete 
|1137|0x000000071c400000, 0x000000071c800000, 0x000000071c800000|100%| E|CS|TAMS 0x000000071c400000| PB 0x000000071c400000| Complete 
|1138|0x000000071c800000, 0x000000071cc00000, 0x000000071cc00000|100%| E|CS|TAMS 0x000000071c800000| PB 0x000000071c800000| Complete 
|1139|0x000000071cc00000, 0x000000071d000000, 0x000000071d000000|100%| E|CS|TAMS 0x000000071cc00000| PB 0x000000071cc00000| Complete 
|1140|0x000000071d000000, 0x000000071d400000, 0x000000071d400000|100%| E|CS|TAMS 0x000000071d000000| PB 0x000000071d000000| Complete 
|1141|0x000000071d400000, 0x000000071d800000, 0x000000071d800000|100%| E|CS|TAMS 0x000000071d400000| PB 0x000000071d400000| Complete 
|1142|0x000000071d800000, 0x000000071dc00000, 0x000000071dc00000|100%| E|CS|TAMS 0x000000071d800000| PB 0x000000071d800000| Complete 
|1143|0x000000071dc00000, 0x000000071e000000, 0x000000071e000000|100%| E|CS|TAMS 0x000000071dc00000| PB 0x000000071dc00000| Complete 
|1144|0x000000071e000000, 0x000000071e400000, 0x000000071e400000|100%| E|CS|TAMS 0x000000071e000000| PB 0x000000071e000000| Complete 
|1145|0x000000071e400000, 0x000000071e800000, 0x000000071e800000|100%| E|CS|TAMS 0x000000071e400000| PB 0x000000071e400000| Complete 
|1146|0x000000071e800000, 0x000000071ec00000, 0x000000071ec00000|100%| E|CS|TAMS 0x000000071e800000| PB 0x000000071e800000| Complete 
|1147|0x000000071ec00000, 0x000000071f000000, 0x000000071f000000|100%| E|CS|TAMS 0x000000071ec00000| PB 0x000000071ec00000| Complete 
|1148|0x000000071f000000, 0x000000071f400000, 0x000000071f400000|100%| E|CS|TAMS 0x000000071f000000| PB 0x000000071f000000| Complete 
|1149|0x000000071f400000, 0x000000071f800000, 0x000000071f800000|100%| E|CS|TAMS 0x000000071f400000| PB 0x000000071f400000| Complete 
|1150|0x000000071f800000, 0x000000071fc00000, 0x000000071fc00000|100%| E|CS|TAMS 0x000000071f800000| PB 0x000000071f800000| Complete 
|1151|0x000000071fc00000, 0x0000000720000000, 0x0000000720000000|100%| E|CS|TAMS 0x000000071fc00000| PB 0x000000071fc00000| Complete 
|1152|0x0000000720000000, 0x0000000720400000, 0x0000000720400000|100%| E|CS|TAMS 0x0000000720000000| PB 0x0000000720000000| Complete 
|1153|0x0000000720400000, 0x0000000720800000, 0x0000000720800000|100%| E|CS|TAMS 0x0000000720400000| PB 0x0000000720400000| Complete 
|1154|0x0000000720800000, 0x0000000720c00000, 0x0000000720c00000|100%| E|CS|TAMS 0x0000000720800000| PB 0x0000000720800000| Complete 
|1155|0x0000000720c00000, 0x0000000721000000, 0x0000000721000000|100%| E|CS|TAMS 0x0000000720c00000| PB 0x0000000720c00000| Complete 
|1156|0x0000000721000000, 0x0000000721400000, 0x0000000721400000|100%| E|CS|TAMS 0x0000000721000000| PB 0x0000000721000000| Complete 
|1157|0x0000000721400000, 0x0000000721800000, 0x0000000721800000|100%| E|CS|TAMS 0x0000000721400000| PB 0x0000000721400000| Complete 
|1158|0x0000000721800000, 0x0000000721c00000, 0x0000000721c00000|100%| E|CS|TAMS 0x0000000721800000| PB 0x0000000721800000| Complete 
|1159|0x0000000721c00000, 0x0000000722000000, 0x0000000722000000|100%| E|CS|TAMS 0x0000000721c00000| PB 0x0000000721c00000| Complete 
|1160|0x0000000722000000, 0x0000000722400000, 0x0000000722400000|100%| E|CS|TAMS 0x0000000722000000| PB 0x0000000722000000| Complete 
|1161|0x0000000722400000, 0x0000000722800000, 0x0000000722800000|100%| E|CS|TAMS 0x0000000722400000| PB 0x0000000722400000| Complete 
|1162|0x0000000722800000, 0x0000000722c00000, 0x0000000722c00000|100%| E|CS|TAMS 0x0000000722800000| PB 0x0000000722800000| Complete 
|1163|0x0000000722c00000, 0x0000000723000000, 0x0000000723000000|100%| E|CS|TAMS 0x0000000722c00000| PB 0x0000000722c00000| Complete 
|1164|0x0000000723000000, 0x0000000723400000, 0x0000000723400000|100%| E|CS|TAMS 0x0000000723000000| PB 0x0000000723000000| Complete 
|1165|0x0000000723400000, 0x0000000723800000, 0x0000000723800000|100%| E|CS|TAMS 0x0000000723400000| PB 0x0000000723400000| Complete 
|1166|0x0000000723800000, 0x0000000723c00000, 0x0000000723c00000|100%| E|CS|TAMS 0x0000000723800000| PB 0x0000000723800000| Complete 
|1167|0x0000000723c00000, 0x0000000724000000, 0x0000000724000000|100%| E|CS|TAMS 0x0000000723c00000| PB 0x0000000723c00000| Complete 
|1168|0x0000000724000000, 0x0000000724400000, 0x0000000724400000|100%| E|CS|TAMS 0x0000000724000000| PB 0x0000000724000000| Complete 
|1169|0x0000000724400000, 0x0000000724800000, 0x0000000724800000|100%| E|CS|TAMS 0x0000000724400000| PB 0x0000000724400000| Complete 
|1170|0x0000000724800000, 0x0000000724c00000, 0x0000000724c00000|100%| E|CS|TAMS 0x0000000724800000| PB 0x0000000724800000| Complete 
|1171|0x0000000724c00000, 0x0000000725000000, 0x0000000725000000|100%| E|CS|TAMS 0x0000000724c00000| PB 0x0000000724c00000| Complete 
|1172|0x0000000725000000, 0x0000000725400000, 0x0000000725400000|100%| E|CS|TAMS 0x0000000725000000| PB 0x0000000725000000| Complete 
|1173|0x0000000725400000, 0x0000000725800000, 0x0000000725800000|100%| E|CS|TAMS 0x0000000725400000| PB 0x0000000725400000| Complete 
|1174|0x0000000725800000, 0x0000000725c00000, 0x0000000725c00000|100%| E|CS|TAMS 0x0000000725800000| PB 0x0000000725800000| Complete 
|1175|0x0000000725c00000, 0x0000000726000000, 0x0000000726000000|100%| E|CS|TAMS 0x0000000725c00000| PB 0x0000000725c00000| Complete 
|1176|0x0000000726000000, 0x0000000726400000, 0x0000000726400000|100%| E|CS|TAMS 0x0000000726000000| PB 0x0000000726000000| Complete 
|1177|0x0000000726400000, 0x0000000726800000, 0x0000000726800000|100%| E|CS|TAMS 0x0000000726400000| PB 0x0000000726400000| Complete 
|1178|0x0000000726800000, 0x0000000726c00000, 0x0000000726c00000|100%| E|CS|TAMS 0x0000000726800000| PB 0x0000000726800000| Complete 
|1179|0x0000000726c00000, 0x0000000727000000, 0x0000000727000000|100%| E|CS|TAMS 0x0000000726c00000| PB 0x0000000726c00000| Complete 
|1180|0x0000000727000000, 0x0000000727400000, 0x0000000727400000|100%| E|CS|TAMS 0x0000000727000000| PB 0x0000000727000000| Complete 
|1181|0x0000000727400000, 0x0000000727800000, 0x0000000727800000|100%| E|CS|TAMS 0x0000000727400000| PB 0x0000000727400000| Complete 
|1182|0x0000000727800000, 0x0000000727c00000, 0x0000000727c00000|100%| E|CS|TAMS 0x0000000727800000| PB 0x0000000727800000| Complete 
|1183|0x0000000727c00000, 0x0000000728000000, 0x0000000728000000|100%| E|CS|TAMS 0x0000000727c00000| PB 0x0000000727c00000| Complete 
|1184|0x0000000728000000, 0x0000000728400000, 0x0000000728400000|100%| E|CS|TAMS 0x0000000728000000| PB 0x0000000728000000| Complete 
|1185|0x0000000728400000, 0x0000000728800000, 0x0000000728800000|100%| E|CS|TAMS 0x0000000728400000| PB 0x0000000728400000| Complete 
|1186|0x0000000728800000, 0x0000000728c00000, 0x0000000728c00000|100%| E|CS|TAMS 0x0000000728800000| PB 0x0000000728800000| Complete 
|1187|0x0000000728c00000, 0x0000000729000000, 0x0000000729000000|100%| E|CS|TAMS 0x0000000728c00000| PB 0x0000000728c00000| Complete 
|1188|0x0000000729000000, 0x0000000729400000, 0x0000000729400000|100%| E|CS|TAMS 0x0000000729000000| PB 0x0000000729000000| Complete 
|1189|0x0000000729400000, 0x0000000729800000, 0x0000000729800000|100%| E|CS|TAMS 0x0000000729400000| PB 0x0000000729400000| Complete 
|1190|0x0000000729800000, 0x0000000729c00000, 0x0000000729c00000|100%| E|CS|TAMS 0x0000000729800000| PB 0x0000000729800000| Complete 
|1191|0x0000000729c00000, 0x000000072a000000, 0x000000072a000000|100%| E|CS|TAMS 0x0000000729c00000| PB 0x0000000729c00000| Complete 
|1192|0x000000072a000000, 0x000000072a400000, 0x000000072a400000|100%| E|CS|TAMS 0x000000072a000000| PB 0x000000072a000000| Complete 
|1193|0x000000072a400000, 0x000000072a800000, 0x000000072a800000|100%| E|CS|TAMS 0x000000072a400000| PB 0x000000072a400000| Complete 
|1194|0x000000072a800000, 0x000000072ac00000, 0x000000072ac00000|100%| E|CS|TAMS 0x000000072a800000| PB 0x000000072a800000| Complete 
|1195|0x000000072ac00000, 0x000000072b000000, 0x000000072b000000|100%| E|CS|TAMS 0x000000072ac00000| PB 0x000000072ac00000| Complete 
|1196|0x000000072b000000, 0x000000072b400000, 0x000000072b400000|100%| E|CS|TAMS 0x000000072b000000| PB 0x000000072b000000| Complete 
|1197|0x000000072b400000, 0x000000072b800000, 0x000000072b800000|100%| E|CS|TAMS 0x000000072b400000| PB 0x000000072b400000| Complete 
|1198|0x000000072b800000, 0x000000072bc00000, 0x000000072bc00000|100%| E|CS|TAMS 0x000000072b800000| PB 0x000000072b800000| Complete 
|1199|0x000000072bc00000, 0x000000072c000000, 0x000000072c000000|100%| E|CS|TAMS 0x000000072bc00000| PB 0x000000072bc00000| Complete 
|1200|0x000000072c000000, 0x000000072c400000, 0x000000072c400000|100%| E|CS|TAMS 0x000000072c000000| PB 0x000000072c000000| Complete 
|1201|0x000000072c400000, 0x000000072c800000, 0x000000072c800000|100%| E|CS|TAMS 0x000000072c400000| PB 0x000000072c400000| Complete 
|1202|0x000000072c800000, 0x000000072cc00000, 0x000000072cc00000|100%| E|CS|TAMS 0x000000072c800000| PB 0x000000072c800000| Complete 
|1203|0x000000072cc00000, 0x000000072d000000, 0x000000072d000000|100%| E|CS|TAMS 0x000000072cc00000| PB 0x000000072cc00000| Complete 
|1204|0x000000072d000000, 0x000000072d400000, 0x000000072d400000|100%| E|CS|TAMS 0x000000072d000000| PB 0x000000072d000000| Complete 
|1205|0x000000072d400000, 0x000000072d800000, 0x000000072d800000|100%| E|CS|TAMS 0x000000072d400000| PB 0x000000072d400000| Complete 
|1206|0x000000072d800000, 0x000000072dc00000, 0x000000072dc00000|100%| E|CS|TAMS 0x000000072d800000| PB 0x000000072d800000| Complete 
|1207|0x000000072dc00000, 0x000000072e000000, 0x000000072e000000|100%| E|CS|TAMS 0x000000072dc00000| PB 0x000000072dc00000| Complete 
|1208|0x000000072e000000, 0x000000072e400000, 0x000000072e400000|100%| E|CS|TAMS 0x000000072e000000| PB 0x000000072e000000| Complete 
|1209|0x000000072e400000, 0x000000072e800000, 0x000000072e800000|100%| E|CS|TAMS 0x000000072e400000| PB 0x000000072e400000| Complete 
|1210|0x000000072e800000, 0x000000072ec00000, 0x000000072ec00000|100%| E|CS|TAMS 0x000000072e800000| PB 0x000000072e800000| Complete 
|1211|0x000000072ec00000, 0x000000072f000000, 0x000000072f000000|100%| E|CS|TAMS 0x000000072ec00000| PB 0x000000072ec00000| Complete 
|1212|0x000000072f000000, 0x000000072f400000, 0x000000072f400000|100%| E|CS|TAMS 0x000000072f000000| PB 0x000000072f000000| Complete 
|1213|0x000000072f400000, 0x000000072f800000, 0x000000072f800000|100%| E|CS|TAMS 0x000000072f400000| PB 0x000000072f400000| Complete 
|1214|0x000000072f800000, 0x000000072fc00000, 0x000000072fc00000|100%| E|CS|TAMS 0x000000072f800000| PB 0x000000072f800000| Complete 
|1215|0x000000072fc00000, 0x0000000730000000, 0x0000000730000000|100%| E|CS|TAMS 0x000000072fc00000| PB 0x000000072fc00000| Complete 
|1216|0x0000000730000000, 0x0000000730400000, 0x0000000730400000|100%| E|CS|TAMS 0x0000000730000000| PB 0x0000000730000000| Complete 
|1217|0x0000000730400000, 0x0000000730800000, 0x0000000730800000|100%| E|CS|TAMS 0x0000000730400000| PB 0x0000000730400000| Complete 
|1218|0x0000000730800000, 0x0000000730c00000, 0x0000000730c00000|100%| E|CS|TAMS 0x0000000730800000| PB 0x0000000730800000| Complete 
|1219|0x0000000730c00000, 0x0000000731000000, 0x0000000731000000|100%| E|CS|TAMS 0x0000000730c00000| PB 0x0000000730c00000| Complete 
|1220|0x0000000731000000, 0x0000000731400000, 0x0000000731400000|100%| E|CS|TAMS 0x0000000731000000| PB 0x0000000731000000| Complete 
|1221|0x0000000731400000, 0x0000000731800000, 0x0000000731800000|100%| E|CS|TAMS 0x0000000731400000| PB 0x0000000731400000| Complete 
|1222|0x0000000731800000, 0x0000000731c00000, 0x0000000731c00000|100%| E|CS|TAMS 0x0000000731800000| PB 0x0000000731800000| Complete 
|1223|0x0000000731c00000, 0x0000000732000000, 0x0000000732000000|100%| E|CS|TAMS 0x0000000731c00000| PB 0x0000000731c00000| Complete 
|1224|0x0000000732000000, 0x0000000732400000, 0x0000000732400000|100%| E|CS|TAMS 0x0000000732000000| PB 0x0000000732000000| Complete 
|1225|0x0000000732400000, 0x0000000732800000, 0x0000000732800000|100%| E|CS|TAMS 0x0000000732400000| PB 0x0000000732400000| Complete 
|1226|0x0000000732800000, 0x0000000732c00000, 0x0000000732c00000|100%| E|CS|TAMS 0x0000000732800000| PB 0x0000000732800000| Complete 
|1227|0x0000000732c00000, 0x0000000733000000, 0x0000000733000000|100%| E|CS|TAMS 0x0000000732c00000| PB 0x0000000732c00000| Complete 
|1228|0x0000000733000000, 0x0000000733400000, 0x0000000733400000|100%| E|CS|TAMS 0x0000000733000000| PB 0x0000000733000000| Complete 
|1229|0x0000000733400000, 0x0000000733800000, 0x0000000733800000|100%| E|CS|TAMS 0x0000000733400000| PB 0x0000000733400000| Complete 
|1230|0x0000000733800000, 0x0000000733c00000, 0x0000000733c00000|100%| E|CS|TAMS 0x0000000733800000| PB 0x0000000733800000| Complete 
|1231|0x0000000733c00000, 0x0000000734000000, 0x0000000734000000|100%| E|CS|TAMS 0x0000000733c00000| PB 0x0000000733c00000| Complete 
|1232|0x0000000734000000, 0x0000000734400000, 0x0000000734400000|100%| E|CS|TAMS 0x0000000734000000| PB 0x0000000734000000| Complete 
|1233|0x0000000734400000, 0x0000000734800000, 0x0000000734800000|100%| E|CS|TAMS 0x0000000734400000| PB 0x0000000734400000| Complete 
|1234|0x0000000734800000, 0x0000000734c00000, 0x0000000734c00000|100%| E|CS|TAMS 0x0000000734800000| PB 0x0000000734800000| Complete 
|1235|0x0000000734c00000, 0x0000000735000000, 0x0000000735000000|100%| E|CS|TAMS 0x0000000734c00000| PB 0x0000000734c00000| Complete 
|1236|0x0000000735000000, 0x0000000735400000, 0x0000000735400000|100%| E|CS|TAMS 0x0000000735000000| PB 0x0000000735000000| Complete 
|1237|0x0000000735400000, 0x0000000735800000, 0x0000000735800000|100%| E|CS|TAMS 0x0000000735400000| PB 0x0000000735400000| Complete 
|1238|0x0000000735800000, 0x0000000735c00000, 0x0000000735c00000|100%| E|CS|TAMS 0x0000000735800000| PB 0x0000000735800000| Complete 
|1239|0x0000000735c00000, 0x0000000736000000, 0x0000000736000000|100%| E|CS|TAMS 0x0000000735c00000| PB 0x0000000735c00000| Complete 
|1240|0x0000000736000000, 0x0000000736400000, 0x0000000736400000|100%| E|CS|TAMS 0x0000000736000000| PB 0x0000000736000000| Complete 
|1241|0x0000000736400000, 0x0000000736800000, 0x0000000736800000|100%| E|CS|TAMS 0x0000000736400000| PB 0x0000000736400000| Complete 
|1242|0x0000000736800000, 0x0000000736c00000, 0x0000000736c00000|100%| E|CS|TAMS 0x0000000736800000| PB 0x0000000736800000| Complete 
|1243|0x0000000736c00000, 0x0000000737000000, 0x0000000737000000|100%| E|CS|TAMS 0x0000000736c00000| PB 0x0000000736c00000| Complete 
|1244|0x0000000737000000, 0x0000000737400000, 0x0000000737400000|100%| E|CS|TAMS 0x0000000737000000| PB 0x0000000737000000| Complete 
|1245|0x0000000737400000, 0x0000000737800000, 0x0000000737800000|100%| E|CS|TAMS 0x0000000737400000| PB 0x0000000737400000| Complete 
|1246|0x0000000737800000, 0x0000000737c00000, 0x0000000737c00000|100%| E|CS|TAMS 0x0000000737800000| PB 0x0000000737800000| Complete 
|1247|0x0000000737c00000, 0x0000000738000000, 0x0000000738000000|100%| E|CS|TAMS 0x0000000737c00000| PB 0x0000000737c00000| Complete 
|1248|0x0000000738000000, 0x0000000738400000, 0x0000000738400000|100%| E|CS|TAMS 0x0000000738000000| PB 0x0000000738000000| Complete 
|1249|0x0000000738400000, 0x0000000738800000, 0x0000000738800000|100%| E|CS|TAMS 0x0000000738400000| PB 0x0000000738400000| Complete 
|1250|0x0000000738800000, 0x0000000738c00000, 0x0000000738c00000|100%| E|CS|TAMS 0x0000000738800000| PB 0x0000000738800000| Complete 
|1251|0x0000000738c00000, 0x0000000739000000, 0x0000000739000000|100%| E|CS|TAMS 0x0000000738c00000| PB 0x0000000738c00000| Complete 
|1252|0x0000000739000000, 0x0000000739400000, 0x0000000739400000|100%| E|CS|TAMS 0x0000000739000000| PB 0x0000000739000000| Complete 
|1253|0x0000000739400000, 0x0000000739800000, 0x0000000739800000|100%| E|CS|TAMS 0x0000000739400000| PB 0x0000000739400000| Complete 
|1254|0x0000000739800000, 0x0000000739c00000, 0x0000000739c00000|100%| E|CS|TAMS 0x0000000739800000| PB 0x0000000739800000| Complete 
|1255|0x0000000739c00000, 0x000000073a000000, 0x000000073a000000|100%| E|CS|TAMS 0x0000000739c00000| PB 0x0000000739c00000| Complete 
|1256|0x000000073a000000, 0x000000073a400000, 0x000000073a400000|100%| E|CS|TAMS 0x000000073a000000| PB 0x000000073a000000| Complete 
|1257|0x000000073a400000, 0x000000073a800000, 0x000000073a800000|100%| E|CS|TAMS 0x000000073a400000| PB 0x000000073a400000| Complete 
|1258|0x000000073a800000, 0x000000073ac00000, 0x000000073ac00000|100%| E|CS|TAMS 0x000000073a800000| PB 0x000000073a800000| Complete 
|1259|0x000000073ac00000, 0x000000073b000000, 0x000000073b000000|100%| E|CS|TAMS 0x000000073ac00000| PB 0x000000073ac00000| Complete 
|1260|0x000000073b000000, 0x000000073b400000, 0x000000073b400000|100%| E|CS|TAMS 0x000000073b000000| PB 0x000000073b000000| Complete 
|1261|0x000000073b400000, 0x000000073b800000, 0x000000073b800000|100%| E|CS|TAMS 0x000000073b400000| PB 0x000000073b400000| Complete 
|1262|0x000000073b800000, 0x000000073bc00000, 0x000000073bc00000|100%| E|CS|TAMS 0x000000073b800000| PB 0x000000073b800000| Complete 
|1263|0x000000073bc00000, 0x000000073c000000, 0x000000073c000000|100%| E|CS|TAMS 0x000000073bc00000| PB 0x000000073bc00000| Complete 
|1264|0x000000073c000000, 0x000000073c400000, 0x000000073c400000|100%| E|CS|TAMS 0x000000073c000000| PB 0x000000073c000000| Complete 
|1265|0x000000073c400000, 0x000000073c800000, 0x000000073c800000|100%| E|CS|TAMS 0x000000073c400000| PB 0x000000073c400000| Complete 
|1266|0x000000073c800000, 0x000000073cc00000, 0x000000073cc00000|100%| E|CS|TAMS 0x000000073c800000| PB 0x000000073c800000| Complete 
|1267|0x000000073cc00000, 0x000000073d000000, 0x000000073d000000|100%| E|CS|TAMS 0x000000073cc00000| PB 0x000000073cc00000| Complete 
|1268|0x000000073d000000, 0x000000073d400000, 0x000000073d400000|100%| E|CS|TAMS 0x000000073d000000| PB 0x000000073d000000| Complete 
|1269|0x000000073d400000, 0x000000073d800000, 0x000000073d800000|100%| E|CS|TAMS 0x000000073d400000| PB 0x000000073d400000| Complete 
|1270|0x000000073d800000, 0x000000073dc00000, 0x000000073dc00000|100%| E|CS|TAMS 0x000000073d800000| PB 0x000000073d800000| Complete 
|1271|0x000000073dc00000, 0x000000073e000000, 0x000000073e000000|100%| E|CS|TAMS 0x000000073dc00000| PB 0x000000073dc00000| Complete 
|1272|0x000000073e000000, 0x000000073e400000, 0x000000073e400000|100%| E|CS|TAMS 0x000000073e000000| PB 0x000000073e000000| Complete 
|1273|0x000000073e400000, 0x000000073e800000, 0x000000073e800000|100%| E|CS|TAMS 0x000000073e400000| PB 0x000000073e400000| Complete 
|1274|0x000000073e800000, 0x000000073ec00000, 0x000000073ec00000|100%| E|CS|TAMS 0x000000073e800000| PB 0x000000073e800000| Complete 
|1275|0x000000073ec00000, 0x000000073f000000, 0x000000073f000000|100%| E|CS|TAMS 0x000000073ec00000| PB 0x000000073ec00000| Complete 
|1276|0x000000073f000000, 0x000000073f400000, 0x000000073f400000|100%| E|CS|TAMS 0x000000073f000000| PB 0x000000073f000000| Complete 
|1277|0x000000073f400000, 0x000000073f800000, 0x000000073f800000|100%| E|CS|TAMS 0x000000073f400000| PB 0x000000073f400000| Complete 
|1278|0x000000073f800000, 0x000000073fc00000, 0x000000073fc00000|100%| E|CS|TAMS 0x000000073f800000| PB 0x000000073f800000| Complete 
|1279|0x000000073fc00000, 0x0000000740000000, 0x0000000740000000|100%| E|CS|TAMS 0x000000073fc00000| PB 0x000000073fc00000| Complete 
|1280|0x0000000740000000, 0x0000000740400000, 0x0000000740400000|100%| E|CS|TAMS 0x0000000740000000| PB 0x0000000740000000| Complete 
|1281|0x0000000740400000, 0x0000000740800000, 0x0000000740800000|100%| E|CS|TAMS 0x0000000740400000| PB 0x0000000740400000| Complete 
|1282|0x0000000740800000, 0x0000000740c00000, 0x0000000740c00000|100%| E|CS|TAMS 0x0000000740800000| PB 0x0000000740800000| Complete 
|1283|0x0000000740c00000, 0x0000000741000000, 0x0000000741000000|100%| E|CS|TAMS 0x0000000740c00000| PB 0x0000000740c00000| Complete 
|1284|0x0000000741000000, 0x0000000741400000, 0x0000000741400000|100%| E|CS|TAMS 0x0000000741000000| PB 0x0000000741000000| Complete 
|1285|0x0000000741400000, 0x0000000741800000, 0x0000000741800000|100%| E|CS|TAMS 0x0000000741400000| PB 0x0000000741400000| Complete 
|1286|0x0000000741800000, 0x0000000741c00000, 0x0000000741c00000|100%| E|CS|TAMS 0x0000000741800000| PB 0x0000000741800000| Complete 
|1287|0x0000000741c00000, 0x0000000742000000, 0x0000000742000000|100%| E|CS|TAMS 0x0000000741c00000| PB 0x0000000741c00000| Complete 
|1288|0x0000000742000000, 0x0000000742400000, 0x0000000742400000|100%| E|CS|TAMS 0x0000000742000000| PB 0x0000000742000000| Complete 
|1289|0x0000000742400000, 0x0000000742800000, 0x0000000742800000|100%| E|CS|TAMS 0x0000000742400000| PB 0x0000000742400000| Complete 
|1290|0x0000000742800000, 0x0000000742c00000, 0x0000000742c00000|100%| E|CS|TAMS 0x0000000742800000| PB 0x0000000742800000| Complete 
|1291|0x0000000742c00000, 0x0000000743000000, 0x0000000743000000|100%| E|CS|TAMS 0x0000000742c00000| PB 0x0000000742c00000| Complete 
|1292|0x0000000743000000, 0x0000000743400000, 0x0000000743400000|100%| E|CS|TAMS 0x0000000743000000| PB 0x0000000743000000| Complete 
|1293|0x0000000743400000, 0x0000000743800000, 0x0000000743800000|100%| E|CS|TAMS 0x0000000743400000| PB 0x0000000743400000| Complete 
|1294|0x0000000743800000, 0x0000000743c00000, 0x0000000743c00000|100%| E|CS|TAMS 0x0000000743800000| PB 0x0000000743800000| Complete 
|1295|0x0000000743c00000, 0x0000000744000000, 0x0000000744000000|100%| E|CS|TAMS 0x0000000743c00000| PB 0x0000000743c00000| Complete 
|1296|0x0000000744000000, 0x0000000744400000, 0x0000000744400000|100%| E|CS|TAMS 0x0000000744000000| PB 0x0000000744000000| Complete 
|1297|0x0000000744400000, 0x0000000744800000, 0x0000000744800000|100%| E|CS|TAMS 0x0000000744400000| PB 0x0000000744400000| Complete 
|1298|0x0000000744800000, 0x0000000744c00000, 0x0000000744c00000|100%| E|CS|TAMS 0x0000000744800000| PB 0x0000000744800000| Complete 
|1299|0x0000000744c00000, 0x0000000745000000, 0x0000000745000000|100%| E|CS|TAMS 0x0000000744c00000| PB 0x0000000744c00000| Complete 
|1300|0x0000000745000000, 0x0000000745400000, 0x0000000745400000|100%| E|CS|TAMS 0x0000000745000000| PB 0x0000000745000000| Complete 
|1301|0x0000000745400000, 0x0000000745800000, 0x0000000745800000|100%| E|CS|TAMS 0x0000000745400000| PB 0x0000000745400000| Complete 
|1302|0x0000000745800000, 0x0000000745c00000, 0x0000000745c00000|100%| E|CS|TAMS 0x0000000745800000| PB 0x0000000745800000| Complete 
|1303|0x0000000745c00000, 0x0000000746000000, 0x0000000746000000|100%| E|CS|TAMS 0x0000000745c00000| PB 0x0000000745c00000| Complete 
|1304|0x0000000746000000, 0x0000000746400000, 0x0000000746400000|100%| E|CS|TAMS 0x0000000746000000| PB 0x0000000746000000| Complete 
|1305|0x0000000746400000, 0x0000000746800000, 0x0000000746800000|100%| E|CS|TAMS 0x0000000746400000| PB 0x0000000746400000| Complete 
|1306|0x0000000746800000, 0x0000000746c00000, 0x0000000746c00000|100%| E|CS|TAMS 0x0000000746800000| PB 0x0000000746800000| Complete 
|1307|0x0000000746c00000, 0x0000000747000000, 0x0000000747000000|100%| E|CS|TAMS 0x0000000746c00000| PB 0x0000000746c00000| Complete 
|1308|0x0000000747000000, 0x0000000747400000, 0x0000000747400000|100%| E|CS|TAMS 0x0000000747000000| PB 0x0000000747000000| Complete 
|1309|0x0000000747400000, 0x0000000747800000, 0x0000000747800000|100%| E|CS|TAMS 0x0000000747400000| PB 0x0000000747400000| Complete 
|1310|0x0000000747800000, 0x0000000747c00000, 0x0000000747c00000|100%| E|CS|TAMS 0x0000000747800000| PB 0x0000000747800000| Complete 
|1311|0x0000000747c00000, 0x0000000748000000, 0x0000000748000000|100%| E|CS|TAMS 0x0000000747c00000| PB 0x0000000747c00000| Complete 
|1312|0x0000000748000000, 0x0000000748400000, 0x0000000748400000|100%| E|CS|TAMS 0x0000000748000000| PB 0x0000000748000000| Complete 
|1313|0x0000000748400000, 0x0000000748800000, 0x0000000748800000|100%| E|CS|TAMS 0x0000000748400000| PB 0x0000000748400000| Complete 
|1314|0x0000000748800000, 0x0000000748c00000, 0x0000000748c00000|100%| E|CS|TAMS 0x0000000748800000| PB 0x0000000748800000| Complete 
|1315|0x0000000748c00000, 0x0000000749000000, 0x0000000749000000|100%| E|CS|TAMS 0x0000000748c00000| PB 0x0000000748c00000| Complete 
|1316|0x0000000749000000, 0x0000000749400000, 0x0000000749400000|100%| E|CS|TAMS 0x0000000749000000| PB 0x0000000749000000| Complete 
|1317|0x0000000749400000, 0x0000000749800000, 0x0000000749800000|100%| E|CS|TAMS 0x0000000749400000| PB 0x0000000749400000| Complete 
|1318|0x0000000749800000, 0x0000000749c00000, 0x0000000749c00000|100%| E|CS|TAMS 0x0000000749800000| PB 0x0000000749800000| Complete 
|1319|0x0000000749c00000, 0x000000074a000000, 0x000000074a000000|100%| E|CS|TAMS 0x0000000749c00000| PB 0x0000000749c00000| Complete 
|1320|0x000000074a000000, 0x000000074a400000, 0x000000074a400000|100%| E|CS|TAMS 0x000000074a000000| PB 0x000000074a000000| Complete 
|1321|0x000000074a400000, 0x000000074a800000, 0x000000074a800000|100%| E|CS|TAMS 0x000000074a400000| PB 0x000000074a400000| Complete 
|1322|0x000000074a800000, 0x000000074ac00000, 0x000000074ac00000|100%| E|CS|TAMS 0x000000074a800000| PB 0x000000074a800000| Complete 
|1323|0x000000074ac00000, 0x000000074b000000, 0x000000074b000000|100%| E|CS|TAMS 0x000000074ac00000| PB 0x000000074ac00000| Complete 
|1324|0x000000074b000000, 0x000000074b400000, 0x000000074b400000|100%| E|CS|TAMS 0x000000074b000000| PB 0x000000074b000000| Complete 
|1325|0x000000074b400000, 0x000000074b800000, 0x000000074b800000|100%| E|CS|TAMS 0x000000074b400000| PB 0x000000074b400000| Complete 
|1326|0x000000074b800000, 0x000000074bc00000, 0x000000074bc00000|100%| E|CS|TAMS 0x000000074b800000| PB 0x000000074b800000| Complete 
|1327|0x000000074bc00000, 0x000000074c000000, 0x000000074c000000|100%| E|CS|TAMS 0x000000074bc00000| PB 0x000000074bc00000| Complete 
|1328|0x000000074c000000, 0x000000074c400000, 0x000000074c400000|100%| E|CS|TAMS 0x000000074c000000| PB 0x000000074c000000| Complete 
|1329|0x000000074c400000, 0x000000074c800000, 0x000000074c800000|100%| E|CS|TAMS 0x000000074c400000| PB 0x000000074c400000| Complete 
|1330|0x000000074c800000, 0x000000074cc00000, 0x000000074cc00000|100%| E|CS|TAMS 0x000000074c800000| PB 0x000000074c800000| Complete 
|1331|0x000000074cc00000, 0x000000074d000000, 0x000000074d000000|100%| E|CS|TAMS 0x000000074cc00000| PB 0x000000074cc00000| Complete 
|1332|0x000000074d000000, 0x000000074d400000, 0x000000074d400000|100%| E|CS|TAMS 0x000000074d000000| PB 0x000000074d000000| Complete 
|1333|0x000000074d400000, 0x000000074d800000, 0x000000074d800000|100%| E|CS|TAMS 0x000000074d400000| PB 0x000000074d400000| Complete 
|1334|0x000000074d800000, 0x000000074dc00000, 0x000000074dc00000|100%| E|CS|TAMS 0x000000074d800000| PB 0x000000074d800000| Complete 
|1335|0x000000074dc00000, 0x000000074e000000, 0x000000074e000000|100%| E|CS|TAMS 0x000000074dc00000| PB 0x000000074dc00000| Complete 
|1336|0x000000074e000000, 0x000000074e400000, 0x000000074e400000|100%| E|CS|TAMS 0x000000074e000000| PB 0x000000074e000000| Complete 
|1337|0x000000074e400000, 0x000000074e800000, 0x000000074e800000|100%| E|CS|TAMS 0x000000074e400000| PB 0x000000074e400000| Complete 
|1338|0x000000074e800000, 0x000000074ec00000, 0x000000074ec00000|100%| E|CS|TAMS 0x000000074e800000| PB 0x000000074e800000| Complete 
|1339|0x000000074ec00000, 0x000000074f000000, 0x000000074f000000|100%| E|CS|TAMS 0x000000074ec00000| PB 0x000000074ec00000| Complete 
|1340|0x000000074f000000, 0x000000074f400000, 0x000000074f400000|100%| E|CS|TAMS 0x000000074f000000| PB 0x000000074f000000| Complete 
|1341|0x000000074f400000, 0x000000074f800000, 0x000000074f800000|100%| E|CS|TAMS 0x000000074f400000| PB 0x000000074f400000| Complete 
|1342|0x000000074f800000, 0x000000074fc00000, 0x000000074fc00000|100%| E|CS|TAMS 0x000000074f800000| PB 0x000000074f800000| Complete 
|1343|0x000000074fc00000, 0x0000000750000000, 0x0000000750000000|100%| E|CS|TAMS 0x000000074fc00000| PB 0x000000074fc00000| Complete 
|1344|0x0000000750000000, 0x0000000750400000, 0x0000000750400000|100%| E|CS|TAMS 0x0000000750000000| PB 0x0000000750000000| Complete 
|1345|0x0000000750400000, 0x0000000750800000, 0x0000000750800000|100%| E|CS|TAMS 0x0000000750400000| PB 0x0000000750400000| Complete 
|1346|0x0000000750800000, 0x0000000750c00000, 0x0000000750c00000|100%| E|CS|TAMS 0x0000000750800000| PB 0x0000000750800000| Complete 
|1347|0x0000000750c00000, 0x0000000751000000, 0x0000000751000000|100%| E|CS|TAMS 0x0000000750c00000| PB 0x0000000750c00000| Complete 
|1348|0x0000000751000000, 0x0000000751400000, 0x0000000751400000|100%| E|CS|TAMS 0x0000000751000000| PB 0x0000000751000000| Complete 
|1349|0x0000000751400000, 0x0000000751800000, 0x0000000751800000|100%| E|CS|TAMS 0x0000000751400000| PB 0x0000000751400000| Complete 
|1350|0x0000000751800000, 0x0000000751c00000, 0x0000000751c00000|100%| E|CS|TAMS 0x0000000751800000| PB 0x0000000751800000| Complete 
|1351|0x0000000751c00000, 0x0000000752000000, 0x0000000752000000|100%| E|CS|TAMS 0x0000000751c00000| PB 0x0000000751c00000| Complete 
|1352|0x0000000752000000, 0x0000000752400000, 0x0000000752400000|100%| E|CS|TAMS 0x0000000752000000| PB 0x0000000752000000| Complete 
|1995|0x00000007f2c00000, 0x00000007f3000000, 0x00000007f3000000|100%| O|  |TAMS 0x00000007f3000000| PB 0x00000007f2c00000| Untracked 
|1996|0x00000007f3000000, 0x00000007f3400000, 0x00000007f3400000|100%| E|CS|TAMS 0x00000007f3000000| PB 0x00000007f3000000| Complete 
|1997|0x00000007f3400000, 0x00000007f3800000, 0x00000007f3800000|100%| E|CS|TAMS 0x00000007f3400000| PB 0x00000007f3400000| Complete 
|1998|0x00000007f3800000, 0x00000007f3c00000, 0x00000007f3c00000|100%| E|CS|TAMS 0x00000007f3800000| PB 0x00000007f3800000| Complete 
|1999|0x00000007f3c00000, 0x00000007f4000000, 0x00000007f4000000|100%| O|  |TAMS 0x00000007f4000000| PB 0x00000007f3c00000| Untracked 
|2000|0x00000007f4000000, 0x00000007f4400000, 0x00000007f4400000|100%| E|CS|TAMS 0x00000007f4000000| PB 0x00000007f4000000| Complete 
|2001|0x00000007f4400000, 0x00000007f4800000, 0x00000007f4800000|100%| O|  |TAMS 0x00000007f4800000| PB 0x00000007f4400000| Untracked 
|2002|0x00000007f4800000, 0x00000007f4c00000, 0x00000007f4c00000|100%| E|CS|TAMS 0x00000007f4800000| PB 0x00000007f4800000| Complete 
|2003|0x00000007f4c00000, 0x00000007f5000000, 0x00000007f5000000|100%| O|  |TAMS 0x00000007f5000000| PB 0x00000007f4c00000| Untracked 
|2004|0x00000007f5000000, 0x00000007f5400000, 0x00000007f5400000|100%| O|  |TAMS 0x00000007f5400000| PB 0x00000007f5000000| Untracked 
|2005|0x00000007f5400000, 0x00000007f5800000, 0x00000007f5800000|100%| E|CS|TAMS 0x00000007f5400000| PB 0x00000007f5400000| Complete 
|2006|0x00000007f5800000, 0x00000007f5c00000, 0x00000007f5c00000|100%| O|  |TAMS 0x00000007f5c00000| PB 0x00000007f5800000| Untracked 
|2007|0x00000007f5c00000, 0x00000007f6000000, 0x00000007f6000000|100%| O|  |TAMS 0x00000007f6000000| PB 0x00000007f5c00000| Untracked 
|2008|0x00000007f6000000, 0x00000007f6400000, 0x00000007f6400000|100%| E|CS|TAMS 0x00000007f6000000| PB 0x00000007f6000000| Complete 
|2009|0x00000007f6400000, 0x00000007f6800000, 0x00000007f6800000|100%| O|  |TAMS 0x00000007f6800000| PB 0x00000007f6400000| Untracked 
|2010|0x00000007f6800000, 0x00000007f6c00000, 0x00000007f6c00000|100%| O|  |TAMS 0x00000007f6c00000| PB 0x00000007f6800000| Untracked 
|2011|0x00000007f6c00000, 0x00000007f7000000, 0x00000007f7000000|100%| O|  |TAMS 0x00000007f7000000| PB 0x00000007f6c00000| Untracked 
|2012|0x00000007f7000000, 0x00000007f7400000, 0x00000007f7400000|100%| O|  |TAMS 0x00000007f7400000| PB 0x00000007f7000000| Untracked 
|2013|0x00000007f7400000, 0x00000007f7800000, 0x00000007f7800000|100%| O|  |TAMS 0x00000007f7800000| PB 0x00000007f7400000| Untracked 
|2014|0x00000007f7800000, 0x00000007f7c00000, 0x00000007f7c00000|100%| O|  |TAMS 0x00000007f7c00000| PB 0x00000007f7800000| Untracked 
|2015|0x00000007f7c00000, 0x00000007f8000000, 0x00000007f8000000|100%| O|  |TAMS 0x00000007f8000000| PB 0x00000007f7c00000| Untracked 
|2016|0x00000007f8000000, 0x00000007f8400000, 0x00000007f8400000|100%| E|CS|TAMS 0x00000007f8000000| PB 0x00000007f8000000| Complete 
|2017|0x00000007f8400000, 0x00000007f8800000, 0x00000007f8800000|100%| E|CS|TAMS 0x00000007f8400000| PB 0x00000007f8400000| Complete 
|2018|0x00000007f8800000, 0x00000007f8c00000, 0x00000007f8c00000|100%| E|CS|TAMS 0x00000007f8800000| PB 0x00000007f8800000| Complete 
|2019|0x00000007f8c00000, 0x00000007f9000000, 0x00000007f9000000|100%| E|CS|TAMS 0x00000007f8c00000| PB 0x00000007f8c00000| Complete 
|2020|0x00000007f9000000, 0x00000007f9400000, 0x00000007f9400000|100%| E|CS|TAMS 0x00000007f9000000| PB 0x00000007f9000000| Complete 
|2021|0x00000007f9400000, 0x00000007f9800000, 0x00000007f9800000|100%| E|CS|TAMS 0x00000007f9400000| PB 0x00000007f9400000| Complete 
|2022|0x00000007f9800000, 0x00000007f9c00000, 0x00000007f9c00000|100%| E|CS|TAMS 0x00000007f9800000| PB 0x00000007f9800000| Complete 
|2023|0x00000007f9c00000, 0x00000007fa000000, 0x00000007fa000000|100%| E|CS|TAMS 0x00000007f9c00000| PB 0x00000007f9c00000| Complete 
|2024|0x00000007fa000000, 0x00000007fa400000, 0x00000007fa400000|100%| E|CS|TAMS 0x00000007fa000000| PB 0x00000007fa000000| Complete 
|2025|0x00000007fa400000, 0x00000007fa800000, 0x00000007fa800000|100%| E|CS|TAMS 0x00000007fa400000| PB 0x00000007fa400000| Complete 
|2026|0x00000007fa800000, 0x00000007fac00000, 0x00000007fac00000|100%| E|CS|TAMS 0x00000007fa800000| PB 0x00000007fa800000| Complete 
|2027|0x00000007fac00000, 0x00000007fb000000, 0x00000007fb000000|100%| E|CS|TAMS 0x00000007fac00000| PB 0x00000007fac00000| Complete 
|2028|0x00000007fb000000, 0x00000007fb400000, 0x00000007fb400000|100%| E|CS|TAMS 0x00000007fb000000| PB 0x00000007fb000000| Complete 
|2029|0x00000007fb400000, 0x00000007fb800000, 0x00000007fb800000|100%| O|  |TAMS 0x00000007fb800000| PB 0x00000007fb400000| Untracked 
|2030|0x00000007fb800000, 0x00000007fbc00000, 0x00000007fbc00000|100%| O|  |TAMS 0x00000007fbc00000| PB 0x00000007fb800000| Untracked 
|2031|0x00000007fbc00000, 0x00000007fc000000, 0x00000007fc000000|100%| O|  |TAMS 0x00000007fc000000| PB 0x00000007fbc00000| Untracked 
|2032|0x00000007fc000000, 0x00000007fc400000, 0x00000007fc400000|100%| E|CS|TAMS 0x00000007fc000000| PB 0x00000007fc000000| Complete 
|2033|0x00000007fc400000, 0x00000007fc800000, 0x00000007fc800000|100%| E|CS|TAMS 0x00000007fc400000| PB 0x00000007fc400000| Complete 
|2034|0x00000007fc800000, 0x00000007fcc00000, 0x00000007fcc00000|100%| O|  |TAMS 0x00000007fcc00000| PB 0x00000007fc800000| Untracked 
|2035|0x00000007fcc00000, 0x00000007fd000000, 0x00000007fd000000|100%| O|  |TAMS 0x00000007fd000000| PB 0x00000007fcc00000| Untracked 
|2036|0x00000007fd000000, 0x00000007fd400000, 0x00000007fd400000|100%| E|CS|TAMS 0x00000007fd000000| PB 0x00000007fd000000| Complete 
|2037|0x00000007fd400000, 0x00000007fd800000, 0x00000007fd800000|100%| E|CS|TAMS 0x00000007fd400000| PB 0x00000007fd400000| Complete 
|2038|0x00000007fd800000, 0x00000007fdc00000, 0x00000007fdc00000|100%| E|CS|TAMS 0x00000007fd800000| PB 0x00000007fd800000| Complete 
|2039|0x00000007fdc00000, 0x00000007fe000000, 0x00000007fe000000|100%| E|CS|TAMS 0x00000007fdc00000| PB 0x00000007fdc00000| Complete 
|2040|0x00000007fe000000, 0x00000007fe400000, 0x00000007fe400000|100%| E|CS|TAMS 0x00000007fe000000| PB 0x00000007fe000000| Complete 
|2041|0x00000007fe400000, 0x00000007fe800000, 0x00000007fe800000|100%| E|CS|TAMS 0x00000007fe400000| PB 0x00000007fe400000| Complete 
|2042|0x00000007fe800000, 0x00000007fec00000, 0x00000007fec00000|100%| E|CS|TAMS 0x00000007fe800000| PB 0x00000007fe800000| Complete 
|2043|0x00000007fec00000, 0x00000007ff000000, 0x00000007ff000000|100%| E|CS|TAMS 0x00000007fec00000| PB 0x00000007fec00000| Complete 
|2044|0x00000007ff000000, 0x00000007ff400000, 0x00000007ff400000|100%| E|CS|TAMS 0x00000007ff000000| PB 0x00000007ff000000| Complete 
|2045|0x00000007ff400000, 0x00000007ff800000, 0x00000007ff800000|100%| O|  |TAMS 0x00000007ff800000| PB 0x00000007ff400000| Untracked 
|2046|0x00000007ff800000, 0x00000007ffc00000, 0x00000007ffc00000|100%| E|CS|TAMS 0x00000007ff800000| PB 0x00000007ff800000| Complete 
|2047|0x00000007ffc00000, 0x0000000800000000, 0x0000000800000000|100%| O|  |TAMS 0x0000000800000000| PB 0x00000007ffc00000| Untracked 

Card table byte_map: [0x00000180cc910000,0x00000180cd910000] _byte_map_base: 0x00000180c9910000

Marking Bits: (CMBitMap*) 0x00000180b3fe65d0
 Bits: [0x00000180cd910000, 0x00000180d5910000)

Polling page: 0x00000180b1dd0000

Metaspace:

Usage:
  Non-class:    387.84 MB used.
      Class:     53.91 MB used.
       Both:    441.75 MB used.

Virtual space:
  Non-class space:      448.00 MB reserved,     433.12 MB ( 97%) committed,  7 nodes.
      Class space:        1.00 GB reserved,      61.38 MB (  6%) committed,  1 nodes.
             Both:        1.44 GB reserved,     494.50 MB ( 34%) committed. 

Chunk freelists:
   Non-Class:  57.63 MB
       Class:  8.34 MB
        Both:  65.97 MB

MaxMetaspaceSize: unlimited
CompressedClassSpaceSize: 1.00 GB
Initial GC threshold: 21.00 MB
Current GC threshold: 828.56 MB
CDS: on
 - commit_granule_bytes: 65536.
 - commit_granule_words: 8192.
 - virtual_space_node_default_size: 8388608.
 - enlarge_chunks_in_place: 1.
 - use_allocation_guard: 0.


Internal statistics:

num_allocs_failed_limit: 15.
num_arena_births: 6206.
num_arena_deaths: 218.
num_vsnodes_births: 8.
num_vsnodes_deaths: 0.
num_space_committed: 10979.
num_space_uncommitted: 675.
num_chunks_returned_to_freelist: 14509.
num_chunks_taken_from_freelist: 42099.
num_chunk_merges: 4631.
num_chunk_splits: 25715.
num_chunks_enlarged: 13507.
num_inconsistent_stats: 0.

CodeHeap 'non-profiled nmethods': size=120000Kb used=30961Kb max_used=30961Kb free=89038Kb
 bounds [0x00000180c3e90000, 0x00000180c5e30000, 0x00000180cb3c0000]
CodeHeap 'profiled nmethods': size=120000Kb used=95429Kb max_used=95429Kb free=24571Kb
 bounds [0x00000180bc3c0000, 0x00000180c23b0000, 0x00000180c38f0000]
CodeHeap 'non-nmethods': size=5760Kb used=3078Kb max_used=3187Kb free=2681Kb
 bounds [0x00000180c38f0000, 0x00000180c3c20000, 0x00000180c3e90000]
 total_blobs=37526 nmethods=35976 adapters=1449
 compilation: enabled
              stopped_count=0, restarted_count=0
 full_count=0

Compilation events (20 events):
Event: 111.480 Thread 0x00000180d8666ba0 132321       2       com.android.tools.r8.internal.iy::<init> (85 bytes)
Event: 111.480 Thread 0x00000180d8666ba0 nmethod 132321 0x00000180be8b3e10 code [0x00000180be8b3fc0, 0x00000180be8b4198]
Event: 111.480 Thread 0x00000180d8666ba0 132323       3       com.android.tools.r8.internal.em1::a (9 bytes)
Event: 111.480 Thread 0x00000180d8666ba0 nmethod 132323 0x00000180be8b3910 code [0x00000180be8b3ac0, 0x00000180be8b3d18]
Event: 111.480 Thread 0x00000180d8666ba0 132322       2       com.android.tools.r8.internal.ey::<init> (58 bytes)
Event: 111.481 Thread 0x00000180d8666ba0 nmethod 132322 0x00000180be8b3390 code [0x00000180be8b3580, 0x00000180be8b37e0]
Event: 111.487 Thread 0x00000180d8666ba0 132324       2       com.android.tools.r8.internal.w31::a (118 bytes)
Event: 111.488 Thread 0x00000180d8666ba0 nmethod 132324 0x00000180be8b2710 code [0x00000180be8b2940, 0x00000180be8b3010]
Event: 111.490 Thread 0x00000180d8666ba0 132325       2       com.android.tools.r8.internal.rd::a (9 bytes)
Event: 111.490 Thread 0x00000180d8666ba0 nmethod 132325 0x00000180be8b2390 code [0x00000180be8b2540, 0x00000180be8b2668]
Event: 111.498 Thread 0x00000180d8666ba0 132326       3       com.android.tools.r8.internal.x81::a (188 bytes)
Event: 111.500 Thread 0x00000180d8666ba0 nmethod 132326 0x00000180bec26b10 code [0x00000180bec26ee0, 0x00000180bec28d20]
Event: 111.500 Thread 0x00000180d8666ba0 132327 %     3       com.android.tools.r8.internal.yu3::c @ 8 (300 bytes)
Event: 111.503 Thread 0x00000180d8666ba0 nmethod 132327% 0x00000180bd8a7b10 code [0x00000180bd8a8140, 0x00000180bd8abf88]
Event: 111.503 Thread 0x00000180d8666ba0 132328       1       com.android.tools.r8.internal.cp0::d (2 bytes)
Event: 111.503 Thread 0x00000180d8666ba0 nmethod 132328 0x00000180c4d72c90 code [0x00000180c4d72e20, 0x00000180c4d72ee8]
Event: 111.504 Thread 0x00000180d8666ba0 132329       1       com.android.tools.r8.graph.o1::m (2 bytes)
Event: 111.504 Thread 0x00000180d8666ba0 nmethod 132329 0x00000180c4d7b010 code [0x00000180c4d7b1a0, 0x00000180c4d7b270]
Event: 111.508 Thread 0x00000180d8666ba0 132333       3       com.android.tools.r8.internal.bt3::equals (33 bytes)
Event: 111.508 Thread 0x00000180d8666ba0 nmethod 132333 0x00000180be8b1c10 code [0x00000180be8b1de0, 0x00000180be8b2260]

GC Heap History (20 events):
Event: 87.970 GC heap after
{Heap after GC invocations=64 (full 0):
 garbage-first heap   total 3858432K, used 2054024K [0x0000000600000000, 0x0000000800000000)
  region size 4096K, 29 young (118784K), 29 survivors (118784K)
 Metaspace       used 501154K, committed 504704K, reserved 1507328K
  class space    used 60582K, committed 62272K, reserved 1048576K
}
Event: 89.744 GC heap before
{Heap before GC invocations=64 (full 0):
 garbage-first heap   total 3858432K, used 3422088K [0x0000000600000000, 0x0000000800000000)
  region size 4096K, 365 young (1495040K), 29 survivors (118784K)
 Metaspace       used 504359K, committed 507904K, reserved 1507328K
  class space    used 60780K, committed 62464K, reserved 1048576K
}
Event: 89.818 GC heap after
{Heap after GC invocations=65 (full 0):
 garbage-first heap   total 3858432K, used 2233293K [0x0000000600000000, 0x0000000800000000)
  region size 4096K, 46 young (188416K), 46 survivors (188416K)
 Metaspace       used 504359K, committed 507904K, reserved 1507328K
  class space    used 60780K, committed 62464K, reserved 1048576K
}
Event: 93.164 GC heap before
{Heap before GC invocations=66 (full 0):
 garbage-first heap   total 4685824K, used 3453901K [0x0000000600000000, 0x0000000800000000)
  region size 4096K, 338 young (1384448K), 46 survivors (188416K)
 Metaspace       used 508550K, committed 512064K, reserved 1507328K
  class space    used 61145K, committed 62848K, reserved 1048576K
}
Event: 93.247 GC heap after
{Heap after GC invocations=67 (full 0):
 garbage-first heap   total 4685824K, used 2342912K [0x0000000600000000, 0x0000000800000000)
  region size 4096K, 27 young (110592K), 27 survivors (110592K)
 Metaspace       used 508550K, committed 512064K, reserved 1507328K
  class space    used 61145K, committed 62848K, reserved 1048576K
}
Event: 96.065 GC heap before
{Heap before GC invocations=67 (full 0):
 garbage-first heap   total 4685824K, used 3727360K [0x0000000600000000, 0x0000000800000000)
  region size 4096K, 366 young (1499136K), 27 survivors (110592K)
 Metaspace       used 511727K, committed 515328K, reserved 1507328K
  class space    used 61586K, committed 63360K, reserved 1048576K
}
Event: 96.126 GC heap after
{Heap after GC invocations=68 (full 0):
 garbage-first heap   total 4685824K, used 2369536K [0x0000000600000000, 0x0000000800000000)
  region size 4096K, 34 young (139264K), 34 survivors (139264K)
 Metaspace       used 511727K, committed 515328K, reserved 1507328K
  class space    used 61586K, committed 63360K, reserved 1048576K
}
Event: 97.859 GC heap before
{Heap before GC invocations=68 (full 0):
 garbage-first heap   total 5672960K, used 4233216K [0x0000000600000000, 0x0000000800000000)
  region size 4096K, 494 young (2023424K), 34 survivors (139264K)
 Metaspace       used 438044K, committed 505920K, reserved 1507328K
  class space    used 53157K, committed 62848K, reserved 1048576K
}
Event: 97.919 GC heap after
{Heap after GC invocations=69 (full 0):
 garbage-first heap   total 5672960K, used 2368470K [0x0000000600000000, 0x0000000800000000)
  region size 4096K, 14 young (57344K), 14 survivors (57344K)
 Metaspace       used 438044K, committed 505920K, reserved 1507328K
  class space    used 53157K, committed 62848K, reserved 1048576K
}
Event: 99.125 GC heap before
{Heap before GC invocations=70 (full 0):
 garbage-first heap   total 5672960K, used 5280726K [0x0000000600000000, 0x0000000800000000)
  region size 4096K, 725 young (2969600K), 14 survivors (57344K)
 Metaspace       used 438110K, committed 505920K, reserved 1507328K
  class space    used 53159K, committed 62848K, reserved 1048576K
}
Event: 99.174 GC heap after
{Heap after GC invocations=71 (full 0):
 garbage-first heap   total 5672960K, used 2393046K [0x0000000600000000, 0x0000000800000000)
  region size 4096K, 20 young (81920K), 20 survivors (81920K)
 Metaspace       used 438110K, committed 505920K, reserved 1507328K
  class space    used 53159K, committed 62848K, reserved 1048576K
}
Event: 103.451 GC heap before
{Heap before GC invocations=71 (full 0):
 garbage-first heap   total 5672960K, used 5297110K [0x0000000600000000, 0x0000000800000000)
  region size 4096K, 730 young (2990080K), 20 survivors (81920K)
 Metaspace       used 446256K, committed 506176K, reserved 1507328K
  class space    used 54494K, committed 62848K, reserved 1048576K
}
Event: 103.554 GC heap after
{Heap after GC invocations=72 (full 0):
 garbage-first heap   total 5758976K, used 2195456K [0x0000000600000000, 0x0000000800000000)
  region size 4096K, 56 young (229376K), 56 survivors (229376K)
 Metaspace       used 446256K, committed 506176K, reserved 1507328K
  class space    used 54494K, committed 62848K, reserved 1048576K
}
Event: 105.857 GC heap before
{Heap before GC invocations=72 (full 0):
 garbage-first heap   total 5758976K, used 4120576K [0x0000000600000000, 0x0000000800000000)
  region size 4096K, 526 young (2154496K), 56 survivors (229376K)
 Metaspace       used 448696K, committed 506240K, reserved 1507328K
  class space    used 54961K, committed 62848K, reserved 1048576K
}
Event: 105.904 GC heap after
{Heap after GC invocations=73 (full 0):
 garbage-first heap   total 5758976K, used 2146304K [0x0000000600000000, 0x0000000800000000)
  region size 4096K, 36 young (147456K), 36 survivors (147456K)
 Metaspace       used 448696K, committed 506240K, reserved 1507328K
  class space    used 54961K, committed 62848K, reserved 1048576K
}
Event: 108.102 GC heap before
{Heap before GC invocations=74 (full 0):
 garbage-first heap   total 5758976K, used 5079040K [0x0000000600000000, 0x0000000800000000)
  region size 4096K, 756 young (3096576K), 36 survivors (147456K)
 Metaspace       used 451066K, committed 506304K, reserved 1507328K
  class space    used 55069K, committed 62848K, reserved 1048576K
}
Event: 108.151 GC heap after
{Heap after GC invocations=75 (full 0):
 garbage-first heap   total 5758976K, used 2162688K [0x0000000600000000, 0x0000000800000000)
  region size 4096K, 43 young (176128K), 43 survivors (176128K)
 Metaspace       used 451066K, committed 506304K, reserved 1507328K
  class space    used 55069K, committed 62848K, reserved 1048576K
}
Event: 109.773 GC heap before
{Heap before GC invocations=75 (full 0):
 garbage-first heap   total 5758976K, used 5214208K [0x0000000600000000, 0x0000000800000000)
  region size 4096K, 788 young (3227648K), 43 survivors (176128K)
 Metaspace       used 452069K, committed 506304K, reserved 1507328K
  class space    used 55175K, committed 62848K, reserved 1048576K
}
Event: 109.851 GC heap after
{Heap after GC invocations=76 (full 0):
 garbage-first heap   total 5758976K, used 1992704K [0x0000000600000000, 0x0000000800000000)
  region size 4096K, 48 young (196608K), 48 survivors (196608K)
 Metaspace       used 452069K, committed 506304K, reserved 1507328K
  class space    used 55175K, committed 62848K, reserved 1048576K
}
Event: 111.511 GC heap before
{Heap before GC invocations=76 (full 0):
 garbage-first heap   total 5758976K, used 5249024K [0x0000000600000000, 0x0000000800000000)
  region size 4096K, 843 young (3452928K), 48 survivors (196608K)
 Metaspace       used 452353K, committed 506368K, reserved 1507328K
  class space    used 55203K, committed 62848K, reserved 1048576K
}

Dll operation events (17 events):
Event: 0.006 Loaded shared library C:\Program Files\Java\jdk-21\bin\java.dll
Event: 0.026 Loaded shared library C:\Program Files\Java\jdk-21\bin\jsvml.dll
Event: 0.052 Loaded shared library C:\Program Files\Java\jdk-21\bin\zip.dll
Event: 0.054 Loaded shared library C:\Program Files\Java\jdk-21\bin\instrument.dll
Event: 0.056 Loaded shared library C:\Program Files\Java\jdk-21\bin\net.dll
Event: 0.058 Loaded shared library C:\Program Files\Java\jdk-21\bin\nio.dll
Event: 0.059 Loaded shared library C:\Program Files\Java\jdk-21\bin\zip.dll
Event: 0.210 Loaded shared library C:\Program Files\Java\jdk-21\bin\jimage.dll
Event: 0.287 Loaded shared library C:\Program Files\Java\jdk-21\bin\verify.dll
Event: 0.345 Loaded shared library C:\Users\olivi\.gradle\native\1def1411415f61bf3af743bc5b6707747c0891f09f0c88961ee8f79bc544acac\windows-amd64\native-platform.dll
Event: 0.352 Loaded shared library C:\Users\olivi\.gradle\native\0.2.7\x86_64-windows-gnu\gradle-fileevents.dll
Event: 0.977 Loaded shared library C:\Program Files\Java\jdk-21\bin\management.dll
Event: 0.978 Loaded shared library C:\Program Files\Java\jdk-21\bin\management_ext.dll
Event: 1.044 Loaded shared library C:\Program Files\Java\jdk-21\bin\extnet.dll
Event: 1.164 Loaded shared library C:\Program Files\Java\jdk-21\bin\sunmscapi.dll
Event: 31.986 Loaded shared library C:\Program Files\Java\jdk-21\bin\awt.dll
Event: 101.124 Loaded shared library C:\Users\olivi\AppData\Local\Temp\jna-105832927\jna17553664646729441542.dll

Deoptimization events (20 events):
Event: 111.448 Thread 0x000001812b0fed30 DEOPT PACKING pc=0x00000180bf8611d4 sp=0x0000003e2befe3c0
Event: 111.448 Thread 0x000001812b0fed30 DEOPT UNPACKING pc=0x00000180c3944e42 sp=0x0000003e2befd968 mode 0
Event: 111.454 Thread 0x000001812b0fe6a0 DEOPT PACKING pc=0x00000180bec52fc2 sp=0x0000003e2bdfe0a0
Event: 111.454 Thread 0x000001812b0fe6a0 DEOPT UNPACKING pc=0x00000180c3944e42 sp=0x0000003e2bdfd640 mode 0
Event: 111.480 Thread 0x000001812b0fc5d0 DEOPT PACKING pc=0x00000180c07d57c5 sp=0x0000003e2b9fdd30
Event: 111.480 Thread 0x000001812b0fc5d0 DEOPT UNPACKING pc=0x00000180c3944e42 sp=0x0000003e2b9fd280 mode 0
Event: 111.486 Thread 0x000001812b0fb220 DEOPT PACKING pc=0x00000180bf860c32 sp=0x0000003e2b3fe250
Event: 111.486 Thread 0x000001812b0fb220 DEOPT UNPACKING pc=0x00000180c3944e42 sp=0x0000003e2b3fd7f0 mode 0
Event: 111.492 Thread 0x000001812b0fe010 Uncommon trap: trap_request=0xffffffde fr.pc=0x00000180c5dff69c relative=0x000000000000403c
Event: 111.492 Thread 0x000001812b0fe010 Uncommon trap: reason=class_check action=maybe_recompile pc=0x00000180c5dff69c method=com.android.tools.r8.internal.h52.a(Lcom/android/tools/r8/internal/c52;)V @ 1052 c2
Event: 111.492 Thread 0x000001812b0fe010 DEOPT PACKING pc=0x00000180c5dff69c sp=0x0000003e2b6fded0
Event: 111.492 Thread 0x000001812b0fbf40 DEOPT PACKING pc=0x00000180c23635df sp=0x0000003e2b8fe630
Event: 111.492 Thread 0x000001812b0fe010 DEOPT UNPACKING pc=0x00000180c39446a2 sp=0x0000003e2b6fde58 mode 2
Event: 111.492 Thread 0x000001812b0fbf40 DEOPT UNPACKING pc=0x00000180c3944e42 sp=0x0000003e2b8fded0 mode 0
Event: 111.495 Thread 0x000001812b0fd980 DEOPT PACKING pc=0x00000180bec53230 sp=0x0000003e2bbfe000
Event: 111.495 Thread 0x000001812b0fd980 DEOPT UNPACKING pc=0x00000180c3944e42 sp=0x0000003e2bbfd5a8 mode 0
Event: 111.505 Thread 0x000001812b0fe010 Uncommon trap: trap_request=0xffffffde fr.pc=0x00000180c5dff69c relative=0x000000000000403c
Event: 111.505 Thread 0x000001812b0fe010 Uncommon trap: reason=class_check action=maybe_recompile pc=0x00000180c5dff69c method=com.android.tools.r8.internal.h52.a(Lcom/android/tools/r8/internal/c52;)V @ 1052 c2
Event: 111.505 Thread 0x000001812b0fe010 DEOPT PACKING pc=0x00000180c5dff69c sp=0x0000003e2b6fe270
Event: 111.505 Thread 0x000001812b0fe010 DEOPT UNPACKING pc=0x00000180c39446a2 sp=0x0000003e2b6fe1f8 mode 2

Classes loaded (20 events):
Event: 97.368 Loading class java/lang/Throwable$PrintStreamOrWriter
Event: 97.368 Loading class java/lang/Throwable$PrintStreamOrWriter done
Event: 97.378 Loading class java/lang/Throwable$WrappedPrintWriter
Event: 97.378 Loading class java/lang/Throwable$WrappedPrintWriter done
Event: 101.124 Loading class java/nio/FloatBuffer
Event: 101.125 Loading class java/nio/FloatBuffer done
Event: 101.125 Loading class java/nio/DoubleBuffer
Event: 101.125 Loading class java/nio/DoubleBuffer done
Event: 101.347 Loading class java/math/BigDecimal$StringBuilderHelper
Event: 101.347 Loading class java/math/BigDecimal$StringBuilderHelper done
Event: 101.351 Loading class java/text/MessageFormat
Event: 101.351 Loading class java/text/MessageFormat done
Event: 101.351 Loading class java/text/MessageFormat$Field
Event: 101.351 Loading class java/text/MessageFormat$Field done
Event: 101.361 Loading class java/lang/invoke/WrongMethodTypeException
Event: 101.361 Loading class java/lang/invoke/WrongMethodTypeException done
Event: 105.925 Loading class java/util/IdentityHashMap$ValueSpliterator
Event: 105.927 Loading class java/util/IdentityHashMap$ValueSpliterator done
Event: 108.880 Loading class java/util/function/ObjIntConsumer
Event: 108.880 Loading class java/util/function/ObjIntConsumer done

Classes unloaded (20 events):
Event: 97.085 Thread 0x00000180d7b00670 Unloading class 0x00000180dcedabb0 'org/jetbrains/kotlin/cli/common/arguments/CommonToolArguments'
Event: 97.085 Thread 0x00000180d7b00670 Unloading class 0x00000180dceda9b0 'org/jetbrains/kotlin/cli/common/arguments/Freezable'
Event: 97.085 Thread 0x00000180d7b00670 Unloading class 0x00000180dceda638 'org/jetbrains/kotlin/platform/TargetPlatform'
Event: 97.085 Thread 0x00000180d7b00670 Unloading class 0x00000180dceda448 'kotlin/jvm/internal/markers/KMappedMarker'
Event: 97.085 Thread 0x00000180d7b00670 Unloading class 0x00000180dceda250 'org/jetbrains/kotlin/cli/jvm/K2JVMCompiler$Companion'
Event: 97.085 Thread 0x00000180d7b00670 Unloading class 0x00000180dceda000 'org/jetbrains/kotlin/cli/jvm/compiler/CompileEnvironmentException'
Event: 97.085 Thread 0x00000180d7b00670 Unloading class 0x00000180dced9de8 'org/jetbrains/kotlin/cli/common/CLICompiler$Companion'
Event: 97.085 Thread 0x00000180d7b00670 Unloading class 0x00000180dced9b30 'org/jetbrains/kotlin/codegen/CompilationException'
Event: 97.085 Thread 0x00000180d7b00670 Unloading class 0x00000180dced9880 'org/jetbrains/kotlin/utils/KotlinExceptionWithAttachments'
Event: 97.085 Thread 0x00000180d7b00670 Unloading class 0x00000180dced9690 'org/jetbrains/kotlin/utils/exceptions/KotlinExceptionWithAttachments'
Event: 97.085 Thread 0x00000180d7b00670 Unloading class 0x00000180dced94a0 'org/jetbrains/kotlin/com/intellij/openapi/diagnostic/ExceptionWithAttachments'
Event: 97.085 Thread 0x00000180d7b00670 Unloading class 0x00000180dced9250 'org/jetbrains/kotlin/analyzer/CompilationErrorException'
Event: 97.085 Thread 0x00000180d7b00670 Unloading class 0x00000180dced9000 'org/jetbrains/kotlin/progress/CompilationCanceledException'
Event: 97.085 Thread 0x00000180d7b00670 Unloading class 0x00000180dced8c98 'org/jetbrains/kotlin/com/intellij/openapi/progress/ProcessCanceledException'
Event: 97.085 Thread 0x00000180d7b00670 Unloading class 0x00000180dced8aa8 'org/jetbrains/kotlin/com/intellij/openapi/diagnostic/ControlFlowException'
Event: 97.085 Thread 0x00000180d7b00670 Unloading class 0x00000180dced8850 'org/jetbrains/kotlin/cli/jvm/K2JVMCompiler'
Event: 97.085 Thread 0x00000180d7b00670 Unloading class 0x00000180dced85f8 'org/jetbrains/kotlin/cli/common/CLICompiler'
Event: 97.085 Thread 0x00000180d7b00670 Unloading class 0x00000180dced83f8 'org/jetbrains/kotlin/config/Services$Builder'
Event: 97.085 Thread 0x00000180d7b00670 Unloading class 0x00000180dced8200 'org/jetbrains/kotlin/config/Services$Companion'
Event: 97.085 Thread 0x00000180d7b00670 Unloading class 0x00000180dced8000 'org/jetbrains/kotlin/config/Services'

Classes redefined (0 events):
No events

Internal exceptions (20 events):
Event: 105.768 Thread 0x000001812b0fb220 Exception <a 'java/lang/NoSuchMethodError'{0x000000071985de00}: 'void java.lang.invoke.DirectMethodHandle$Holder.invokeStatic(java.lang.Object, java.lang.Object, java.lang.Object, java.lang.Object, java.lang.Object, java.lang.Object, java.lang.Object, java.lang.Object, java.lang.Object, java.lang.Object)'> (0x000000071985de00) 
thrown [s\open\src\hotspot\share\interpreter\linkResolver.cpp, line 773]
Event: 105.768 Thread 0x000001812b0f9e70 Exception <a 'java/lang/NoSuchMethodError'{0x000000071a6f2ae0}: 'void java.lang.invoke.DirectMethodHandle$Holder.invokeStatic(java.lang.Object, java.lang.Object, java.lang.Object, java.lang.Object, java.lang.Object, java.lang.Object, java.lang.Object, java.lang.Object, java.lang.Object, java.lang.Object)'> (0x000000071a6f2ae0) 
thrown [s\open\src\hotspot\share\interpreter\linkResolver.cpp, line 773]
Event: 105.768 Thread 0x000001812b0fb8b0 Exception <a 'java/lang/NoSuchMethodError'{0x0000000719a83d08}: 'void java.lang.invoke.DirectMethodHandle$Holder.invokeStatic(java.lang.Object, java.lang.Object, java.lang.Object, java.lang.Object, java.lang.Object, java.lang.Object, java.lang.Object, java.lang.Object, java.lang.Object, java.lang.Object)'> (0x0000000719a83d08) 
thrown [s\open\src\hotspot\share\interpreter\linkResolver.cpp, line 773]
Event: 105.768 Thread 0x000001812b0fc5d0 Exception <a 'java/lang/NoSuchMethodError'{0x0000000719e99188}: 'void java.lang.invoke.DirectMethodHandle$Holder.invokeStatic(java.lang.Object, java.lang.Object, java.lang.Object, java.lang.Object, java.lang.Object, java.lang.Object, java.lang.Object, java.lang.Object, java.lang.Object, java.lang.Object)'> (0x0000000719e99188) 
thrown [s\open\src\hotspot\share\interpreter\linkResolver.cpp, line 773]
Event: 105.768 Thread 0x000001812b0fa500 Exception <a 'java/lang/NoSuchMethodError'{0x000000071c566148}: 'void java.lang.invoke.DirectMethodHandle$Holder.invokeStatic(java.lang.Object, java.lang.Object, java.lang.Object, java.lang.Object, java.lang.Object, java.lang.Object, java.lang.Object, java.lang.Object, java.lang.Object, java.lang.Object)'> (0x000000071c566148) 
thrown [s\open\src\hotspot\share\interpreter\linkResolver.cpp, line 773]
Event: 105.812 Thread 0x000001812b0fd980 Exception <a 'java/lang/NoSuchMethodError'{0x000000071abf0048}: 'int java.lang.invoke.DirectMethodHandle$Holder.invokeSpecial(java.lang.Object, java.lang.Object, java.lang.Object, java.lang.Object, java.lang.Object, java.lang.Object, java.lang.Object, java.lang.Object, java.lang.Object)'> (0x000000071abf0048) 
thrown [s\open\src\hotspot\share\interpreter\linkResolver.cpp, line 773]
Event: 105.812 Thread 0x000001812b0fa500 Exception <a 'java/lang/NoSuchMethodError'{0x00000006e28557a0}: 'int java.lang.invoke.DirectMethodHandle$Holder.invokeSpecial(java.lang.Object, java.lang.Object, java.lang.Object, java.lang.Object, java.lang.Object, java.lang.Object, java.lang.Object, java.lang.Object, java.lang.Object)'> (0x00000006e28557a0) 
thrown [s\open\src\hotspot\share\interpreter\linkResolver.cpp, line 773]
Event: 108.399 Thread 0x0000018120b62290 Exception <a 'sun/nio/fs/WindowsException'{0x0000000743920380}> (0x0000000743920380) 
thrown [s\open\src\hotspot\share\prims\jni.cpp, line 520]
Event: 108.807 Thread 0x0000018120b62290 Exception <a 'sun/nio/fs/WindowsException'{0x00000007439b3ce8}> (0x00000007439b3ce8) 
thrown [s\open\src\hotspot\share\prims\jni.cpp, line 520]
Event: 108.877 Thread 0x0000018120b62290 Exception <a 'sun/nio/fs/WindowsException'{0x000000070dcd2eb8}> (0x000000070dcd2eb8) 
thrown [s\open\src\hotspot\share\prims\jni.cpp, line 520]
Event: 109.147 Thread 0x000001812b0fd980 Implicit null exception at 0x00000180c55c02ae to 0x00000180c55c1f38
Event: 109.321 Thread 0x0000018120b62290 Exception <a 'sun/nio/fs/WindowsException'{0x000000070dd5ce58}> (0x000000070dd5ce58) 
thrown [s\open\src\hotspot\share\prims\jni.cpp, line 520]
Event: 109.323 Thread 0x0000018120b62290 Exception <a 'sun/nio/fs/WindowsException'{0x000000070dd750c0}> (0x000000070dd750c0) 
thrown [s\open\src\hotspot\share\prims\jni.cpp, line 520]
Event: 109.772 Thread 0x0000018120b62290 Exception <a 'sun/nio/fs/WindowsException'{0x000000070ddfca10}> (0x000000070ddfca10) 
thrown [s\open\src\hotspot\share\prims\jni.cpp, line 520]
Event: 109.773 Thread 0x0000018120b62290 Exception <a 'sun/nio/fs/WindowsException'{0x000000070ddfd440}> (0x000000070ddfd440) 
thrown [s\open\src\hotspot\share\prims\jni.cpp, line 520]
Event: 109.858 Thread 0x0000018120b62290 Exception <a 'sun/nio/fs/WindowsException'{0x00000007ff053c70}> (0x00000007ff053c70) 
thrown [s\open\src\hotspot\share\prims\jni.cpp, line 520]
Event: 110.320 Thread 0x0000018120b62290 Exception <a 'sun/nio/fs/WindowsException'{0x0000000727e0cb18}> (0x0000000727e0cb18) 
thrown [s\open\src\hotspot\share\prims\jni.cpp, line 520]
Event: 110.747 Thread 0x0000018120b62290 Exception <a 'sun/nio/fs/WindowsException'{0x0000000727ebeb28}> (0x0000000727ebeb28) 
thrown [s\open\src\hotspot\share\prims\jni.cpp, line 520]
Event: 111.197 Thread 0x0000018120b62290 Exception <a 'sun/nio/fs/WindowsException'{0x0000000727faab50}> (0x0000000727faab50) 
thrown [s\open\src\hotspot\share\prims\jni.cpp, line 520]
Event: 111.347 Thread 0x000001812b0ff3c0 Implicit null exception at 0x00000180c54de628 to 0x00000180c54e14b8

ZGC Phase Switch (0 events):
No events

VM Operations (20 events):
Event: 109.628 Executing VM operation: ICBufferFull done
Event: 109.773 Executing VM operation: G1CollectForAllocation (G1 Evacuation Pause)
Event: 109.851 Executing VM operation: G1CollectForAllocation (G1 Evacuation Pause) done
Event: 110.106 Executing VM operation: HandshakeAllThreads (Deoptimize)
Event: 110.107 Executing VM operation: HandshakeAllThreads (Deoptimize) done
Event: 110.120 Executing VM operation: HandshakeAllThreads (Deoptimize)
Event: 110.120 Executing VM operation: HandshakeAllThreads (Deoptimize) done
Event: 110.125 Executing VM operation: ICBufferFull
Event: 110.126 Executing VM operation: ICBufferFull done
Event: 110.271 Executing VM operation: ICBufferFull
Event: 110.290 Executing VM operation: ICBufferFull done
Event: 110.293 Executing VM operation: HandshakeAllThreads (Deoptimize)
Event: 110.312 Executing VM operation: HandshakeAllThreads (Deoptimize) done
Event: 110.599 Executing VM operation: ICBufferFull
Event: 110.605 Executing VM operation: ICBufferFull done
Event: 111.009 Executing VM operation: ICBufferFull
Event: 111.015 Executing VM operation: ICBufferFull done
Event: 111.304 Executing VM operation: ICBufferFull
Event: 111.308 Executing VM operation: ICBufferFull done
Event: 111.511 Executing VM operation: G1CollectForAllocation (G1 Evacuation Pause)

Events (20 events):
Event: 109.378 Thread 0x00000181657e4200 Thread added: 0x00000181657e4200
Event: 109.392 Thread 0x00000181657e4200 Thread exited: 0x00000181657e4200
Event: 109.482 Thread 0x000001812df52060 Thread added: 0x000001812df52060
Event: 109.512 Thread 0x000001812df52060 Thread exited: 0x000001812df52060
Event: 109.912 Thread 0x0000018165491070 Thread added: 0x0000018165491070
Event: 109.930 Thread 0x0000018165491070 Thread exited: 0x0000018165491070
Event: 110.003 Thread 0x000001816548efa0 Thread added: 0x000001816548efa0
Event: 110.010 Thread 0x000001816548efa0 Thread exited: 0x000001816548efa0
Event: 110.374 Thread 0x000001812dddbea0 Thread added: 0x000001812dddbea0
Event: 110.382 Thread 0x000001812dddbea0 Thread exited: 0x000001812dddbea0
Event: 110.454 Thread 0x000001812dddb180 Thread added: 0x000001812dddb180
Event: 110.459 Thread 0x000001812dddb180 Thread exited: 0x000001812dddb180
Event: 110.829 Thread 0x000001812df50620 Thread added: 0x000001812df50620
Event: 110.847 Thread 0x000001812df50620 Thread exited: 0x000001812df50620
Event: 110.903 Thread 0x000001812df526f0 Thread added: 0x000001812df526f0
Event: 110.943 Thread 0x000001812df526f0 Thread exited: 0x000001812df526f0
Event: 111.260 Thread 0x000001812dddd250 Thread added: 0x000001812dddd250
Event: 111.288 Thread 0x000001812dddd250 Thread exited: 0x000001812dddd250
Event: 111.361 Thread 0x000001812dddbea0 Thread added: 0x000001812dddbea0
Event: 111.366 Thread 0x000001812dddbea0 Thread exited: 0x000001812dddbea0


Dynamic libraries:
0x00007ff7ada50000 - 0x00007ff7ada60000 	C:\Program Files\Java\jdk-21\bin\java.exe
0x00007fff34a40000 - 0x00007fff34ca7000 	C:\WINDOWS\SYSTEM32\ntdll.dll
0x00007fff33680000 - 0x00007fff33749000 	C:\WINDOWS\System32\KERNEL32.DLL
0x00007fff32220000 - 0x00007fff3260f000 	C:\WINDOWS\System32\KERNELBASE.dll
0x00007fff31d20000 - 0x00007fff31e6b000 	C:\WINDOWS\System32\ucrtbase.dll
0x00007fff2cb30000 - 0x00007fff2cb4b000 	C:\Program Files\Java\jdk-21\bin\VCRUNTIME140.dll
0x00007fff2cb50000 - 0x00007fff2cb69000 	C:\Program Files\Java\jdk-21\bin\jli.dll
0x00007fff34740000 - 0x00007fff347f4000 	C:\WINDOWS\System32\ADVAPI32.dll
0x00007fff32d20000 - 0x00007fff32dc9000 	C:\WINDOWS\System32\msvcrt.dll
0x00007fff327e0000 - 0x00007fff32886000 	C:\WINDOWS\System32\sechost.dll
0x00007fff33560000 - 0x00007fff33678000 	C:\WINDOWS\System32\RPCRT4.dll
0x00007fff33280000 - 0x00007fff33445000 	C:\WINDOWS\System32\USER32.dll
0x00007fff31cf0000 - 0x00007fff31d17000 	C:\WINDOWS\System32\win32u.dll
0x00007fff19d70000 - 0x00007fff1a003000 	C:\WINDOWS\WinSxS\amd64_microsoft.windows.common-controls_6595b64144ccf1df_6.0.26100.7309_none_3e05feeae336a044\COMCTL32.dll
0x00007fff33a40000 - 0x00007fff33a6b000 	C:\WINDOWS\System32\GDI32.dll
0x00007fff32620000 - 0x00007fff3274c000 	C:\WINDOWS\System32\gdi32full.dll
0x00007fff31c40000 - 0x00007fff31ce3000 	C:\WINDOWS\System32\msvcp_win.dll
0x00007fff2a450000 - 0x00007fff2a45b000 	C:\WINDOWS\SYSTEM32\VERSION.dll
0x00007fff349c0000 - 0x00007fff349f1000 	C:\WINDOWS\System32\IMM32.DLL
0x00007fff2cb20000 - 0x00007fff2cb2c000 	C:\Program Files\Java\jdk-21\bin\vcruntime140_1.dll
0x00007ffefdd10000 - 0x00007ffefdd9e000 	C:\Program Files\Java\jdk-21\bin\msvcp140.dll
0x00007ffe3d320000 - 0x00007ffe3e03a000 	C:\Program Files\Java\jdk-21\bin\server\jvm.dll
0x00007fff32e50000 - 0x00007fff32ec4000 	C:\WINDOWS\System32\WS2_32.dll
0x00007fff319f0000 - 0x00007fff31a4e000 	C:\WINDOWS\SYSTEM32\POWRPROF.dll
0x00007fff24b70000 - 0x00007fff24ba5000 	C:\WINDOWS\SYSTEM32\WINMM.dll
0x00007fff319d0000 - 0x00007fff319e4000 	C:\WINDOWS\SYSTEM32\UMPDC.dll
0x00007fff30900000 - 0x00007fff3091b000 	C:\WINDOWS\SYSTEM32\kernel.appcore.dll
0x00007fff2cb10000 - 0x00007fff2cb1a000 	C:\Program Files\Java\jdk-21\bin\jimage.dll
0x00007fff1b5b0000 - 0x00007fff1b7f2000 	C:\WINDOWS\SYSTEM32\DBGHELP.DLL
0x00007fff343b0000 - 0x00007fff34735000 	C:\WINDOWS\System32\combase.dll
0x00007fff33190000 - 0x00007fff33266000 	C:\WINDOWS\System32\OLEAUT32.dll
0x00007fff08d80000 - 0x00007fff08dbc000 	C:\WINDOWS\SYSTEM32\dbgcore.DLL
0x00007fff31b90000 - 0x00007fff31c35000 	C:\WINDOWS\System32\bcryptPrimitives.dll
0x00007fff17f90000 - 0x00007fff17f9f000 	C:\Program Files\Java\jdk-21\bin\instrument.dll
0x00007fff2caf0000 - 0x00007fff2cb0f000 	C:\Program Files\Java\jdk-21\bin\java.dll
0x00007fff33a70000 - 0x00007fff341c3000 	C:\WINDOWS\System32\SHELL32.dll
0x00007fff31e70000 - 0x00007fff31fda000 	C:\WINDOWS\System32\wintypes.dll
0x00007fff2f770000 - 0x00007fff2ffce000 	C:\WINDOWS\SYSTEM32\windows.storage.dll
0x00007fff33050000 - 0x00007fff33145000 	C:\WINDOWS\System32\SHCORE.dll
0x00007fff32dd0000 - 0x00007fff32e36000 	C:\WINDOWS\System32\shlwapi.dll
0x00007fff31ab0000 - 0x00007fff31ad9000 	C:\WINDOWS\SYSTEM32\profapi.dll
0x00007ffec07c0000 - 0x00007ffec0897000 	C:\Program Files\Java\jdk-21\bin\jsvml.dll
0x00007fff18590000 - 0x00007fff185a8000 	C:\Program Files\Java\jdk-21\bin\zip.dll
0x00007fff24070000 - 0x00007fff24080000 	C:\Program Files\Java\jdk-21\bin\net.dll
0x00007fff2a050000 - 0x00007fff2a178000 	C:\WINDOWS\SYSTEM32\WINHTTP.dll
0x00007fff30e50000 - 0x00007fff30ebb000 	C:\WINDOWS\system32\mswsock.dll
0x00007fff1b2d0000 - 0x00007fff1b2e6000 	C:\Program Files\Java\jdk-21\bin\nio.dll
0x00007fff18580000 - 0x00007fff18590000 	C:\Program Files\Java\jdk-21\bin\verify.dll
0x00007fff2cbb0000 - 0x00007fff2cbd7000 	C:\Users\olivi\.gradle\native\1def1411415f61bf3af743bc5b6707747c0891f09f0c88961ee8f79bc544acac\windows-amd64\native-platform.dll
0x00007fff06900000 - 0x00007fff06978000 	C:\Users\olivi\.gradle\native\0.2.7\x86_64-windows-gnu\gradle-fileevents.dll
0x00007fff18570000 - 0x00007fff1857a000 	C:\Program Files\Java\jdk-21\bin\management.dll
0x00007fff18560000 - 0x00007fff1856b000 	C:\Program Files\Java\jdk-21\bin\management_ext.dll
0x00007fff33270000 - 0x00007fff33278000 	C:\WINDOWS\System32\PSAPI.DLL
0x00007fff302f0000 - 0x00007fff30324000 	C:\WINDOWS\SYSTEM32\IPHLPAPI.DLL
0x00007fff33180000 - 0x00007fff3318a000 	C:\WINDOWS\System32\NSI.dll
0x00007fff18540000 - 0x00007fff18549000 	C:\Program Files\Java\jdk-21\bin\extnet.dll
0x00007fff31240000 - 0x00007fff3125b000 	C:\WINDOWS\SYSTEM32\CRYPTSP.dll
0x00007fff30860000 - 0x00007fff3089a000 	C:\WINDOWS\system32\rsaenh.dll
0x00007fff30f00000 - 0x00007fff30f2b000 	C:\WINDOWS\SYSTEM32\USERENV.dll
0x00007fff31a80000 - 0x00007fff31aaa000 	C:\WINDOWS\SYSTEM32\bcrypt.dll
0x00007fff310a0000 - 0x00007fff310ac000 	C:\WINDOWS\SYSTEM32\CRYPTBASE.dll
0x00007fff0ec90000 - 0x00007fff0ec9e000 	C:\Program Files\Java\jdk-21\bin\sunmscapi.dll
0x00007fff31fe0000 - 0x00007fff32157000 	C:\WINDOWS\System32\CRYPT32.dll
0x00007fff31390000 - 0x00007fff313c0000 	C:\WINDOWS\SYSTEM32\ncrypt.dll
0x00007fff31340000 - 0x00007fff3137f000 	C:\WINDOWS\SYSTEM32\NTASN1.dll
0x00007ffeff630000 - 0x00007ffeff638000 	C:\WINDOWS\system32\wshunix.dll
0x00007fff30a20000 - 0x00007fff30a56000 	C:\WINDOWS\SYSTEM32\ntmarta.dll
0x00007ffe4b470000 - 0x00007ffe4b5ff000 	C:\Program Files\Java\jdk-21\bin\awt.dll
0x00007fff2ed30000 - 0x00007fff2edcf000 	C:\WINDOWS\SYSTEM32\apphelp.dll
0x00007fff2ee10000 - 0x00007fff2eebb000 	C:\WINDOWS\system32\uxtheme.dll
0x0000000180000000 - 0x0000000180267000 	C:\Program Files (x86)\RivaTuner Statistics Server\RTSSHooks64.dll
0x00007fff32890000 - 0x00007fff32d1a000 	C:\WINDOWS\System32\SETUPAPI.dll
0x00007fff33830000 - 0x00007fff3398e000 	C:\WINDOWS\System32\MSCTF.dll
0x00007fff34820000 - 0x00007fff349b7000 	C:\WINDOWS\System32\ole32.dll
0x00007fff30380000 - 0x00007fff304ac000 	C:\WINDOWS\SYSTEM32\DNSAPI.dll
0x0000000073f20000 - 0x0000000073f46000 	C:\Program Files\Bonjour\mdnsNSP.dll
0x00007fff29610000 - 0x00007fff2961b000 	C:\Windows\System32\rasadhlp.dll
0x00007fff29360000 - 0x00007fff293e6000 	C:\WINDOWS\System32\fwpuclnt.dll
0x00007ffefdad0000 - 0x00007ffefdb11000 	C:\Users\olivi\AppData\Local\Temp\jna-105832927\jna17553664646729441542.dll

dbghelp: loaded successfully - version: 4.0.5 - missing functions: none
symbol engine: initialized successfully - sym options: 0x614 - pdb path: .;C:\Program Files\Java\jdk-21\bin;C:\WINDOWS\SYSTEM32;C:\WINDOWS\WinSxS\amd64_microsoft.windows.common-controls_6595b64144ccf1df_6.0.26100.7309_none_3e05feeae336a044;C:\Program Files\Java\jdk-21\bin\server;C:\Users\olivi\.gradle\native\1def1411415f61bf3af743bc5b6707747c0891f09f0c88961ee8f79bc544acac\windows-amd64;C:\Users\olivi\.gradle\native\0.2.7\x86_64-windows-gnu;C:\Program Files (x86)\RivaTuner Statistics Server;C:\Program Files\Bonjour;C:\Users\olivi\AppData\Local\Temp\jna-105832927

VM Arguments:
jvm_args: --add-opens=java.base/java.lang=ALL-UNNAMED --add-opens=java.base/java.lang.invoke=ALL-UNNAMED --add-opens=java.base/java.util=ALL-UNNAMED --add-opens=java.prefs/java.util.prefs=ALL-UNNAMED --add-exports=jdk.compiler/com.sun.tools.javac.api=ALL-UNNAMED --add-exports=jdk.compiler/com.sun.tools.javac.util=ALL-UNNAMED --add-opens=java.base/java.util=ALL-UNNAMED --add-opens=java.prefs/java.util.prefs=ALL-UNNAMED --add-opens=java.base/java.nio.charset=ALL-UNNAMED --add-opens=java.base/java.net=ALL-UNNAMED --add-opens=java.base/java.util.concurrent.atomic=ALL-UNNAMED --add-opens=java.xml/javax.xml.namespace=ALL-UNNAMED -Xms1g -Xmx8g -Dfile.encoding=UTF-8, -Duser.country=FR -Duser.language=fr -Duser.variant -javaagent:C:\Users\olivi\.gradle\wrapper\dists\gradle-8.13-bin\5xuhj0ry160q40clulazy9h7d\gradle-8.13\lib\agents\gradle-instrumentation-agent-8.13.jar 
java_command: org.gradle.launcher.daemon.bootstrap.GradleDaemon 8.13
java_class_path (initial): C:\Users\olivi\.gradle\wrapper\dists\gradle-8.13-bin\5xuhj0ry160q40clulazy9h7d\gradle-8.13\lib\gradle-daemon-main-8.13.jar
Launcher Type: SUN_STANDARD

[Global flags]
     intx CICompilerCount                          = 4                                         {product} {ergonomic}
     uint ConcGCThreads                            = 3                                         {product} {ergonomic}
     uint G1ConcRefinementThreads                  = 10                                        {product} {ergonomic}
   size_t G1HeapRegionSize                         = 4194304                                   {product} {ergonomic}
    uintx GCDrainStackTargetSize                   = 64                                        {product} {ergonomic}
   size_t InitialHeapSize                          = 1073741824                                {product} {command line}
   size_t MarkStackSize                            = 4194304                                   {product} {ergonomic}
   size_t MaxHeapSize                              = 8589934592                                {product} {command line}
   size_t MaxNewSize                               = 5150605312                                {product} {ergonomic}
   size_t MinHeapDeltaBytes                        = 4194304                                   {product} {ergonomic}
   size_t MinHeapSize                              = 1073741824                                {product} {command line}
    uintx NonNMethodCodeHeapSize                   = 5839372                                {pd product} {ergonomic}
    uintx NonProfiledCodeHeapSize                  = 122909434                              {pd product} {ergonomic}
    uintx ProfiledCodeHeapSize                     = 122909434                              {pd product} {ergonomic}
    uintx ReservedCodeCacheSize                    = 251658240                              {pd product} {ergonomic}
     bool SegmentedCodeCache                       = true                                      {product} {ergonomic}
   size_t SoftMaxHeapSize                          = 8589934592                             {manageable} {ergonomic}
     bool UseCompressedOops                        = true                           {product lp64_product} {ergonomic}
     bool UseG1GC                                  = true                                      {product} {ergonomic}
     bool UseLargePagesIndividualAllocation        = false                                  {pd product} {ergonomic}

Logging:
Log output configuration:
 #0: stdout all=warning uptime,level,tags foldmultilines=false
 #1: stderr all=off uptime,level,tags foldmultilines=false

Environment Variables:
PATH=C:\Python314\Scripts\;C:\Python314\;C:\Ruby34-x64\bin;C:\Program Files\Common Files\Oracle\Java\javapath;C:\Program Files\Oculus\Support\oculus-runtime;C:\WINDOWS\system32;C:\WINDOWS;C:\WINDOWS\System32\Wbem;C:\WINDOWS\System32\WindowsPowerShell\v1.0\;C:\WINDOWS\System32\OpenSSH\;C:\Program Files\NVIDIA Corporation\NVIDIA app\NvDLISR;C:\Program Files (x86)\NVIDIA Corporation\PhysX\Common;C:\Program Files\dotnet\;C:\Program Files\nodejs\;C:\ProgramData\chocolatey\bin;C:\Program Files\PowerShell\7\;C:\Program Files\Git\cmd;C:\Program Files\Sunshine;C:\Program Files\Sunshine\tools;C:\Program Files\MySQL\MySQL Shell 8.0\bin\;C:\Users\olivi\AppData\Local\Programs\Python\Python313\Scripts\;C:\Users\olivi\AppData\Local\Programs\Python\Python313\;C:\Users\olivi\AppData\Local\Microsoft\WindowsApps;C:\Users\olivi\AppData\Local\Android\Sdk\platform-tools;C:\Users\olivi\AppData\Local\Android\Sdk\emulator;C:\Users\olivi\AppData\Local\Programs\Microsoft VS Code\bin;C:\Program Files\JetBrains\IntelliJ IDEA 2024.3.4.1\bin;;C:\Program Files\MySQL\MySQL Server 8.0\bin;C:\Program Files\Java\jdk-21\bin;C:\Users\olivi\AppData\Roaming\npm;C:\Program Files\nodejs\npm;C:\Program Files\nodejs\node;
USERNAME=olivi
OS=Windows_NT
PROCESSOR_IDENTIFIER=AMD64 Family 23 Model 113 Stepping 0, AuthenticAMD
TMP=C:\Users\olivi\AppData\Local\Temp
TEMP=C:\Users\olivi\AppData\Local\Temp




Periodic native trim disabled

---------------  S Y S T E M  ---------------

OS:
 Windows 11 , 64 bit Build 26100 (10.0.26100.7309)
OS uptime: 0 days 3:31 hours
Hyper-V role detected

CPU: total 12 (initial active 12) (12 cores per cpu, 2 threads per core) family 23 model 113 stepping 0 microcode 0x8701030, cx8, cmov, fxsr, ht, mmx, 3dnowpref, sse, sse2, sse3, ssse3, sse4a, sse4.1, sse4.2, popcnt, lzcnt, tsc, tscinvbit, avx, avx2, aes, clmul, bmi1, bmi2, adx, sha, fma, vzeroupper, clflush, clflushopt, hv, rdtscp, rdpid, f16c
Processor Information for all 12 processors :
  Max Mhz: 3600, Current Mhz: 3600, Mhz Limit: 3600

Memory: 4k page, system-wide physical 32688M (10977M free)
TotalPageFile size 34736M (AvailPageFile size 7436M)
current process WorkingSet (physical memory assigned to process): 7053M, peak: 7065M
current process commit charge ("private bytes"): 7111M, peak: 7124M

vm_info: Java HotSpot(TM) 64-Bit Server VM (21.0.6+8-LTS-188) for windows-amd64 JRE (21.0.6+8-LTS-188), built on 2024-12-03T10:50:54Z by "mach5one" with MS VC++ 17.6 (VS2022)

END.
